OBJECTID,Eradication ID,Common Name,Scientific Name,Type (Animal),Year of Introduction,Data Quality,Eradication Start Date,Eradication End Date,Status (Eradication),Type (Eradication),Primary Eradication Method,Secondary Eradication Method,Tertiary Eradication Method,Primary Baiting Method,Secondary Baiting Method,Primary Toxicant,Secondary Toxicant,Contact Name,Contact Organization,Organization_Website,Island Code,Island Name,Region,Country,Archipelago,Latitude,Longitude,Area (sq km),Human Population
27,37,Black Rat,Rattus rattus,Rodent,null,Satisfactory,null,1986,Successful,Whole Island,Toxicant,NA,NA,Bait Station,NA,Pindone,NA,Burbidge; A.A.,Department of Conservation and Land Management; Aus,null,464040,Middle Lacepede,Indian Ocean - East,Australia,Lacepede Islands,-16.85551662,122.1367045,0.745973157,None
53,3206,Black Rat,Rattus rattus,Rodent,null,Good,2016,2016,Successful,Whole Island,Toxicant,NA,NA,Bait Station,NA,Brodifacoum,NA,Robinson Sue,DIPWE Tasmania,https://dpipwe.tas.gov.au/,26007,Big Green,Pacific Ocean - South West,Australia,Tasmanian Islands (Furneaux Group),-40.18464237,147.9786118,1.227897227,10-Jan
119,140,Black Rat,Rattus rattus,Rodent,1918,Good,1983,1983,Successful,Whole Island,Toxicant,NA,NA,Bait Station,NA,Pindone,NA,Burbidge; A.A.,Department of Conservation and Land Management; Aus,null,331990,Double Islands North,Indian Ocean - East,Australia,Western Australia (Barrow Islands),-20.73768214,115.4949942,0.164900538,None
131,154,Black Rat,Rattus rattus,Rodent,null,Good,null,2005,Successful,Whole Island,Trapping,Toxicant,NA,Hand Broadcast,NA,Chlorophacinone,Bromadiolone,null,null,null,242063,Plane (Caleseragne),Mediterranean,France,Marseille Islands (Riou Archipelago),43.18782186,5.38582425,0.151753954,None
150,184,Black Rat,Rattus rattus,Rodent,1940,Good,1994,1997,Successful,Whole Island,Toxicant,Trapping,NA,Bait Station,Other,Brodifacoum,Bromethalin,Flint; Beth,US Fish and Wildlife Service,null,31194,Sand,Pacific Ocean - North East,United States,Hawaiian Islands (Midway Atoll),28.20777515,-177.378933,4.443869838,11 - 100
151,185,Black Rat,Rattus rattus,Rodent,1940,Satisfactory,1993,1994,Successful,Whole Island,Toxicant,Trapping,NA,Bait Station,Other,Brodifacoum,Bromethalin,Flint; Beth,US Fish and Wildlife Service,null,27090,Eastern,Pacific Ocean - North East,United States,Hawaiian Islands (Midway Atoll),28.20955113,-177.3314535,1.376023979,None
152,186,Black Rat,Rattus rattus,Rodent,null,Good,2002,2004,Successful,Whole Island,Toxicant,NA,NA,Bait Station,NA,Difenacoum,Bromadiolone,Bell; Biz,National Trust; RSPB; English Nature; Wildlife Management International Limited,null,242171,Lundy,Atlantic Ocean - North,United Kingdom,Bristol Channel,51.17794887,-4.66958038,4.315785295,11 - 100
154,188,Black Rat,Rattus rattus,Rodent,null,Poor,2002,2002,Successful,Whole Island,Toxicant,Trapping,NA,Bait Station,NA,Diphacinone,NA,null,null,null,400130,Mokolii,Pacific Ocean - North East,United States,Hawaiian Islands,21.50960099,-157.82944,0.019328324,None
156,190,Black Rat,Rattus rattus,Rodent,null,Good,1995,1995,Successful,Whole Island,Toxicant,NA,NA,Bait Station,Hand Broadcast,Brodifacoum,NA,Daltry; Jenny,Flora and Fauna International,null,386024,Great Bird,Caribbean,Antigua and Barbuda,Lesser Antilles (Antigua and Barbuda Islands),17.14556982,-61.72491686,0.080138756,None
157,191,Black Rat,Rattus rattus,Rodent,null,Good,2001,2001,Successful,Incursion Response,Toxicant,NA,NA,Bait Station,Hand Broadcast,Brodifacoum,NA,Daltry; Jenny,Flora and Fauna International,null,386024,Great Bird,Caribbean,Antigua and Barbuda,Lesser Antilles (Antigua and Barbuda Islands),17.14556982,-61.72491686,0.080138756,None
159,195,Black Rat,Rattus rattus,Rodent,null,Good,2005,2005,Successful,Whole Island,Toxicant,NA,NA,Aerial Broadcast,NA,Brodifacoum,NA,Broome; Keith,NZ Dept. of Conservation,null,26953,Motutapere,Pacific Ocean - South West,New Zealand,Coromandel Harbor,-36.77969089,175.429072,0.498060118,11 - 100
161,201,Black Rat,Rattus rattus,Rodent,null,Good,2005,2005,Successful,Whole Island,Toxicant,NA,NA,Bait Station,NA,Brodifacoum,NA,null,null,null,237607,Kasidis,Mediterranean,Greece,Lagofitonisia,39.10632273,24.09189981,0.002887697,None
162,202,Black Rat,Rattus rattus,Rodent,null,Satisfactory,2006,2006,Successful,Whole Island,Toxicant,NA,NA,Bait Station,NA,Brodifacoum,NA,null,null,null,243378,Kastronisia - 2,Mediterranean,Greece,Sporades Islands,39.2135604,23.4618503,0.010681126,None
164,205,Black Rat,Rattus rattus,Rodent,null,Good,2000,2002,Successful,Whole Island,Toxicant,NA,NA,Bait Station,NA,Cholecalciferol,NA,Samaniego; Araceli,Grupo de Ecologia y Conservacion de Islas,www.islas.org.mx,110000401,San Jorge Este,Pacific Ocean - North East,Mexico,Gulf of California,31.01793412,-113.2482091,0.009906497,None
171,214,Black Rat,Rattus rattus,Rodent,null,Satisfactory,2001,2001,Successful,Whole Island,Trapping,Toxicant,NA,Bait Station,NA,Bromadiolone,NA,Lorvelec; O.,Equipe Gestion des Populations Invasives; INRA; Station SCRIBE; Campus de Beaulieu,null,464225,Folaca,Mediterranean,France,Corsican Islands,41.54840143,9.31497223,0.016399811,None
187,229,Black Rat,Rattus rattus,Rodent,1800,Good,1997,1997,Successful,Whole Island,Toxicant,NA,NA,Aerial Broadcast,Hand Broadcast,Brodifacoum,NA,Dervaux; Antoine,Department of Conservation of Natural Heritage  French Southern and Antarctic Lands,null,457862,Saint-Paul,Indian Ocean - West,French Southern Territories,Amsterdam and St. Paul Islands,-38.72212156,77.52352343,8.571098926,None
189,231,Black Rat,Rattus rattus,Rodent,1400,Good,2000,2000,Successful,Whole Island,Trapping,Toxicant,NA,Bait Station,NA,Bromadiolone,NA,Lorvelec; O.,Equipe Gestion des Populations Invasives; INRA; Station SCRIBE; Campus de Beaulieu,null,236500,Lavezzu,Mediterranean,France,Lavezzi Archipelago,41.34056962,9.25586421,0.64713025,None
197,244,Black Rat,Rattus rattus,Rodent,null,Good,1998,1998,Successful,Whole Island,Toxicant,NA,NA,Bait Station,NA,Brodifacoum,NA,Hayes; William,null,null,464093,White (Sandy) Cay,Caribbean,Bahamas,Bahamas (Exuma Islands),23.40296039,-75.43474395,0.158033188,None
198,245,Black Rat,Rattus rattus,Rodent,1800,Good,2002,2002,Successful,Whole Island,Toxicant,NA,NA,Aerial Broadcast,NA,Brodifacoum,NA,Dervaux; Antoine,Department of Conservation of Natural Heritage  French Southern and Antarctic Lands,null,15146,Chateau,Indian Ocean - West,French Southern Territories,Kerguelen Islands (Golfe du Morbihan),-49.4941167,69.92432199,2.231428297,None
208,261,Black Rat,Rattus rattus,Rodent,null,Poor,1990,1991,Successful,Whole Island,Toxicant,NA,NA,Hand Broadcast,NA,Unknown,NA,Thibault; Jean-Claude,null,null,236425,Toro,Mediterranean,France,Corsican Islands (Cerbicale Islands),41.50799769,9.37998942,0.011683548,None
210,263,Black Rat,Rattus rattus,Rodent,null,Satisfactory,2005,2005,Successful,Incursion Response,Toxicant,NA,NA,Bait Station,NA,Unknown,NA,null,null,null,35020,Nonsuch ,Atlantic Ocean - North,Bermuda,Bermuda (Castle Islands),32.34736416,-64.66284194,0.070258988,10-Jan
212,265,Black Rat,Rattus rattus,Rodent,null,Satisfactory,null,1985,Successful,Whole Island,Toxicant,NA,NA,Bait Station,NA,Warfarin,Diphacinone,null,null,null,35020,Nonsuch ,Atlantic Ocean - North,Bermuda,Bermuda (Castle Islands),32.34736416,-64.66284194,0.070258988,10-Jan
218,273,Black Rat,Rattus rattus,Rodent,null,Good,2002,2002,Successful,Whole Island,Toxicant,NA,NA,Bait Station,Hand Broadcast,Brodifacoum,NA,Varnham; Karen,Antiguan Racer Conservation Project; Island Resources Foundation,www.irf.org,420441,Sandy (White),Caribbean,Virgin Islands British,Lesser Antilles (British Virgin Islands),18.43614768,-64.70941168,0.058788578,None
242,305,Black Rat,Rattus rattus,Rodent,1890,Good,2005,2005,Successful,Whole Island,Toxicant,Trapping,NA,Bait Station,NA,Bromadiolone,NA,Pascal; Michel,Equipe Gestion des Populations Invasives; INRA; Station SCRIBE; Campus de Beaulieu,null,334428,Surprise,Pacific Ocean - South West,New Caledonia,New Caledonia Islands,-18.4813456,163.0863698,0.230005118,None
254,326,Black Rat,Rattus rattus,Rodent,1996,Good,2005,2005,Successful,Whole Island,Trapping,Toxicant,NA,Bait Station,NA,Brodifacoum,NA,Wilson; T.,NZ Dept. of Conservation,null,27043,Goat (Hawere),Pacific Ocean - South West,New Zealand,Hauraki Gulf,-36.26575248,174.7974569,0.122771679,11 - 100
257,329,Black Rat,Rattus rattus,Rodent,null,Satisfactory,1991,1991,Successful,Whole Island,Toxicant,NA,NA,Bait Station,NA,Brodifacoum,NA,Broome; Keith,NZ Dept. of Conservation,null,30629,Haulashore,Pacific Ocean - South West,New Zealand,Nelson Islands,-41.26730488,173.2574878,0.115958778,None
261,341,Black Rat,Rattus rattus,Rodent,null,Satisfactory,2005,2006,Successful,Whole Island,Toxicant,NA,NA,Bait Station,NA,Brodifacoum,NA,null,null,null,239705,Giannutri,Mediterranean,Italy,Tuscan Islands,42.25079084,11.10430845,2.395232594,11 - 100
281,362,Black Rat,Rattus rattus,Rodent,null,Good,2001,2001,Successful,Whole Island,Toxicant,NA,NA,Aerial Broadcast,NA,Brodifacoum,NA,Burbidge; A.A.,Department of Conservation and Land Management; Aus,null,331193,Bluebell,Indian Ocean - East,Australia,Western Australia (Montebello Islands),-20.39611355,115.5217035,0.568006442,None
284,365,Black Rat,Rattus rattus,Rodent,null,Good,1996,1996,Successful,Whole Island,Toxicant,NA,NA,Bait Station,NA,Brodifacoum,NA,Burbidge; A.A.,Department of Conservation and Land Management; Aus,null,331554,Ah Chong,Indian Ocean - East,Australia,Western Australia (Montebello Islands),-20.52538442,115.5453197,0.189797399,None
286,367,Black Rat,Rattus rattus,Rodent,null,Good,1999,1999,Successful,Whole Island,Toxicant,NA,NA,Bait Station,NA,Brodifacoum,NA,Burbidge; A.A.,Department of Conservation and Land Management; Aus,null,464055,Delta,Indian Ocean - East,Australia,Western Australia (Montebello Islands),-20.44207163,115.5479196,0.427025519,None
288,369,Black Rat,Rattus rattus,Rodent,null,Good,1996,1996,Successful,Whole Island,Toxicant,NA,NA,Bait Station,NA,Brodifacoum,NA,Burbidge; A.A.,Department of Conservation and Land Management; Aus,null,331672,South East,Indian Ocean - East,Australia,Western Australia (Montebello Islands),-20.42413308,115.5912296,0.14947943,None
289,371,Black Rat,Rattus rattus,Rodent,null,Satisfactory,null,1986,Successful,Whole Island,Toxicant,NA,NA,Bait Station,NA,Pindone,NA,Burbidge; A.A.,Department of Conservation and Land Management; Aus,null,464199,Sandy,Indian Ocean - East,Australia,Lacepede Islands,-16.88118556,122.1695768,0.071598908,None
295,382,Black Rat,Rattus rattus,Rodent,null,Satisfactory,1987,1992,Successful,Whole Island,Toxicant,NA,NA,Bait Station,NA,Brodifacoum,NA,Merton; D.,NZ Dept. of Conservation,pestoff.co.nz,19363,Ile aux Aigrettes,Indian Ocean - West,Mauritius,Mauritius Islands,-20.41948159,57.73363991,0.262033171,10-Jan
296,383,Black Rat,Rattus rattus,Rodent,1970,Good,1996,1997,Successful,Whole Island,Toxicant,NA,NA,Bait Station,Hand Broadcast,Brodifacoum,NA,Merton; D.,NZ Dept. of Conservation,pestoff.co.nz,19662,Bird,Indian Ocean - West,Seychelles,Seychelles,-3.719388162,55.20568274,0.990884741,11 - 100
300,389,Black Rat,Rattus rattus,Rodent,null,Satisfactory,2007,2007,Successful,Whole Island,Toxicant,NA,NA,Bait Station,NA,Brodifacoum,NA,null,null,null,239719,Zannone,Mediterranean,Italy,Pontine Islands,40.96868508,13.05487082,1.057376391,10-Jan
302,391,Black Rat,Rattus rattus,Rodent,null,Good,2001,2002,Successful,Whole Island,Toxicant,NA,NA,Aerial Broadcast,Hand Broadcast,Brodifacoum,NA,Island Conservation,Island Conservation,www.islandconservation.org,34693,Anacapa West,Pacific Ocean - North East,United States,Channel Islands,34.01100568,-119.4256841,1.817038165,None
303,392,Black Rat,Rattus rattus,Rodent,null,Good,2001,2002,Successful,Whole Island,Toxicant,NA,NA,Aerial Broadcast,Hand Broadcast,Brodifacoum,NA,Island Conservation,Island Conservation,www.islandconservation.org,38057,Anacapa East,Pacific Ocean - North East,United States,Channel Islands,34.01469286,-119.3674569,0.451866486,10-Jan
307,398,Black Rat,Rattus rattus,Rodent,null,Poor,null,1964,Successful,Whole Island,Unknown,Unknown,Unknown,Unknown,Unknown,Unknown,NA,Burbidge; A.A.,Department of Conservation and Land Management; Aus,null,464081,Heron,Pacific Ocean - South West,Australia,Capricorn,-23.44291072,151.9148492,0.246976833,None
322,417,Black Rat,Rattus rattus,Rodent,1960,Good,2006,2006,Successful,Whole Island,Toxicant,NA,NA,Aerial Broadcast,Bait Station,Brodifacoum,NA,McClelland; Pete,NZ Dept. of Conservation,null,24470,Pukeweka,Pacific Ocean - South West,New Zealand,Titi Islands,-47.22448856,167.4371402,0.032900556,None
323,418,Black Rat,Rattus rattus,Rodent,1964,Good,2006,2006,Successful,Whole Island,Toxicant,NA,NA,Aerial Broadcast,Bait Station,Brodifacoum,NA,McClelland; Pete,NZ Dept. of Conservation,null,23995,Taukihepa/Big South Cape,Pacific Ocean - South West,New Zealand,Stewart Islands,-47.24063574,167.4079514,9.187654341,None
324,420,Black Rat,Rattus rattus,Rodent,1960,Good,2006,2006,Successful,Whole Island,Toxicant,NA,NA,Aerial Broadcast,Bait Station,Brodifacoum,NA,McClelland; Pete,NZ Dept. of Conservation,null,24471,Solomon/ Rerewhakaupoko,Pacific Ocean - South West,New Zealand,Stewart Islands,-47.2208811,167.4355043,0.285942087,None
327,425,Black Rat,Rattus rattus,Rodent,null,Good,1998,1999,Successful,Whole Island,Toxicant,NA,NA,Bait Station,NA,Brodifacoum,NA,Garcia; M.A.,Bureau of Fisheries and Wildlife; Puerto Rico Dept. of Natural and Environmental Resources,null,420046,Monito,Caribbean,Puerto Rico,Greater Antilles (Puerto Rican Islands),18.1596361,-67.94899162,0.145848324,None
330,430,Black Rat,Rattus rattus,Rodent,null,Good,2006,2006,Successful,Whole Island,Toxicant,NA,NA,Bait Station,Hand Broadcast,Brodifacoum,NA,Varnham; Karen,Antiguan Racer Conservation Project; Island Resources Foundation,www.irf.org,386026,York,Caribbean,Antigua and Barbuda,Lesser Antilles (Antigua and Barbuda Islands),17.05324639,-61.66916667,0.07164771,None
336,437,Black Rat,Rattus rattus,Rodent,null,Good,2000,2002,Successful,Whole Island,Toxicant,NA,NA,Bait Station,Hand Broadcast,Brodifacoum,NA,Samaniego; Araceli,Grupo de Ecologia y Conservacion de Islas,www.islas.org.mx,36427,San Jorge Medio,Pacific Ocean - North East,Mexico,Gulf of California,31.01222994,-113.2440806,0.140256346,None
337,438,Black Rat,Rattus rattus,Rodent,null,Good,2000,2002,Successful,Whole Island,Toxicant,NA,NA,Bait Station,NA,Diphacinone,NA,Samaniego; Araceli,Grupo de Ecologia y Conservacion de Islas,www.islas.org.mx,36426,San Jorge Oeste,Pacific Ocean - North East,Mexico,Gulf of California,31.00632429,-113.2431372,0.024567331,None
345,448,Black Rat,Rattus rattus,Rodent,null,Good,2002,2002,Successful,Whole Island,Toxicant,NA,NA,Bait Station,NA,Brodifacoum,NA,Climo; G.,Island Owner,null,19656,Denis,Indian Ocean - West,Seychelles,Seychelles,-3.805198508,55.6669783,1.276332878,101 - 1000
352,461,Black Rat,Rattus rattus,Rodent,null,Good,1982,1983,Successful,Whole Island,Toxicant,NA,NA,Bait Station,NA,Brodifacoum,NA,Taylor; D.,null,null,30852,Awaiti (Tawhitinui),Pacific Ocean - South West,New Zealand,Marlborough Sound,-41.05311314,173.8067899,0.030767037,None
353,465,Black Rat,Rattus rattus,Rodent,null,Good,1970,1975,Successful,Whole Island,Toxicant,NA,NA,Hand Broadcast,NA,Warfarin,NA,Merton; D.,NZ Dept. of Conservation,pestoff.co.nz,27000,Titi,Pacific Ocean - South West,New Zealand,Marlborough Sound,-40.9511942,174.1392583,0.222852385,None
354,3105,Black Rat,Rattus rattus,Rodent,null,Good,2003,2004,Successful,Whole Island,Toxicant,NA,NA,Bait Station,NA,Brodifacoum,NA,Liske-Clark J.,null,null,357901,Managaha,Pacific Ocean - North West,Northern Mariana Islands,Mariana Islands,15.24142794,145.7123116,0.06507454,None
368,479,Black Rat,Rattus rattus,Rodent,1900,Good,1995,1996,Successful,Whole Island,Toxicant,Trapping,NA,Bait Station,NA,Brodifacoum,NA,Velarde; Enriqueta,UNAM,null,30458,Rasa,Pacific Ocean - North East,Mexico,Gulf of California (Midriff Islands),28.82381016,-112.9798053,0.479103375,None
384,496,Black Rat,Rattus rattus,Rodent,1890,Good,1990,1991,Successful,Restricted Range,Toxicant,NA,NA,Bait Station,NA,Pindone,NA,Quinn Julie,AU Department of the Environment,http://environment.gov.au/,330666,Barrow,Indian Ocean - East,Australia,Western Australia (Barrow Islands),-20.78776621,115.3996566,236.2871797,101 - 1000
404,524,Black Rat,Rattus rattus,Rodent,null,Good,2001,2001,Successful,Whole Island,Toxicant,NA,NA,Aerial Broadcast,NA,Brodifacoum,NA,Burbidge; A.A.,Department of Conservation and Land Management; Aus,null,332089,Hermite,Indian Ocean - East,Australia,Western Australia (Montebello Islands),-20.46480236,115.5288074,9.543756801,None
405,526,Black Rat,Rattus rattus,Rodent,null,Good,2001,2001,Successful,Whole Island,Toxicant,NA,NA,Aerial Broadcast,NA,Brodifacoum,NA,Burbidge; A.A.,Department of Conservation and Land Management; Aus,null,332140,Alpha,Indian Ocean - East,Australia,Western Australia (Montebello Islands),-20.40935637,115.5266734,0.971357203,None
406,527,Black Rat,Rattus rattus,Rodent,null,Good,1999,1999,Successful,Whole Island,Toxicant,NA,NA,Bait Station,NA,Brodifacoum,NA,Burbidge; A.A.,Department of Conservation and Land Management; Aus,null,332141,Campbell,Indian Ocean - East,Australia,Western Australia (Montebello Islands),-20.42895299,115.5446614,0.305262357,None
407,528,Black Rat,Rattus rattus,Rodent,null,Good,1996,1996,Successful,Whole Island,Toxicant,NA,NA,Bait Station,NA,Brodifacoum,NA,Burbidge; A.A.,Department of Conservation and Land Management; Aus,null,331986,Brooke,Indian Ocean - East,Australia,Western Australia (Montebello Islands),-20.43357061,115.5044046,0.109035301,None
409,531,Black Rat,Rattus rattus,Rodent,null,Satisfactory,1996,1996,Successful,Whole Island,Toxicant,NA,NA,Bait Station,NA,Brodifacoum,NA,Burbidge; A.A.,Department of Conservation and Land Management; Aus,null,331194,North West,Indian Ocean - East,Australia,Western Australia (Montebello Islands),-20.36441215,115.5265395,1.148261803,None
410,532,Black Rat,Rattus rattus,Rodent,null,Satisfactory,null,1993,Successful,Whole Island,Toxicant,NA,NA,Bait Station,NA,Brodifacoum,NA,Burbidge; A.A.,Department of Conservation and Land Management; Aus,null,25317,Pigeon,Indian Ocean - East,Australia,Abrolhos Islands,-28.45399555,113.7267029,0.036390661,Unknown
458,618,Black Rat,Rattus rattus,Rodent,1900,Good,2011,2011,Successful,Whole Island,Toxicant,NA,NA,Aerial Broadcast,Hand Broadcast,Brodifacoum,NA,Springer; Keith,Tasmania Parks and Wildlife Service,http://www.parks.tas.gov.au/index.aspx?base=13013,20167,Macquarie,Pacific Ocean - South West,Australia,Macquarie Islands,-54.62839539,158.8643089,129.5628917,11 - 100
634,823,Black Rat,Rattus rattus,Rodent,null,Good,1994,1995,Successful,Whole Island,Toxicant,NA,NA,Bait Station,Hand Broadcast,Brodifacoum,Bromethalin,Samaniego; Araceli,Grupo de Ecologia y Conservacion de Islas,www.islas.org.mx,8406,San Roque,Pacific Ocean - North East,Mexico,Pacific Coast Baja California Peninsula,27.14690418,-114.3770111,0.40435311,None
636,825,Black Rat,Rattus rattus,Rodent,null,Good,1998,1998,Successful,Whole Island,Toxicant,NA,NA,Hand Broadcast,Bait Station,Brodifacoum,NA,Bell; Brian,Wildlife Management Int'l Limited,null,19345,Flat,Indian Ocean - West,Mauritius,Mauritius Islands,-19.87612683,57.65748488,2.431373191,None
638,827,Black Rat,Rattus rattus,Rodent,null,Good,1995,1995,Successful,Whole Island,Toxicant,NA,NA,Hand Broadcast,NA,Brodifacoum,Bromadiolone,Bell; Brian,Wildlife Management Int'l Limited,null,19347,Gabriel,Indian Ocean - West,Mauritius,Mauritius Islands,-19.88493462,57.67260896,0.338497502,None
642,831,Black Rat,Rattus rattus,Rodent,null,Good,1981,1981,Successful,Whole Island,Toxicant,NA,NA,Bait Station,NA,Pindone,NA,Burbidge; A.A.,Department of Conservation and Land Management; Aus,null,464131,Bedout,Indian Ocean - East,Australia,Western Australia,-19.58923625,119.0998719,0.301240884,None
645,835,Black Rat,Rattus rattus,Rodent,1983,Satisfactory,1989,1989,Successful,Whole Island,Toxicant,Trapping,NA,Hand Broadcast,NA,1080,NA,null,null,null,356483,Pitt,Pacific Ocean - North East,Ecuador,Galapagos Islands,-0.703678387,-89.24724045,0.008418364,None
655,846,Black Rat,Rattus rattus,Rodent,null,Good,null,1993,Successful,Whole Island,Toxicant,NA,NA,Bait Station,NA,Pindone,NA,Burbidge; A.A.,Department of Conservation and Land Management; Aus,null,21666,Rat,Indian Ocean - East,Australia,Abrolhos Islands,-28.71449447,113.7844166,0.613725996,101 - 1000
665,862,Black Rat,Rattus rattus,Rodent,null,Satisfactory,2002,2002,Successful,Whole Island,Toxicant,NA,NA,Hand Broadcast,NA,Brodifacoum,NA,null,null,null,362234,Bainbridge - 2,Pacific Ocean - North East,Ecuador,Galapagos Islands,-0.348447432,-90.55846518,0.023438502,None
667,864,Black Rat,Rattus rattus,Rodent,1961,Satisfactory,1988,1990,Successful,Whole Island,Toxicant,NA,NA,Unknown,NA,Brodifacoum,NA,McFadden; I,NZ Dept. of Conservation,null,27003,Somes (Matiu),Pacific Ocean - South West,New Zealand,Wellington Harbor,-41.25800801,174.8651843,0.289002556,Unknown
677,878,Black Rat,Rattus rattus,Rodent,1860,Good,1991,1991,Successful,Whole Island,Toxicant,NA,NA,Bait Station,NA,Pindone,NA,Burbidge; A.A.,Department of Conservation and Land Management; Aus,null,332342,Middle,Indian Ocean - East,Australia,Western Australia (Barrow Islands),-20.91210993,115.3277301,3.531426102,None
679,881,Black Rat,Rattus rattus,Rodent,1860,Good,1983,1985,Successful,Whole Island,Toxicant,NA,NA,Bait Station,NA,Pindone,NA,Burbidge; A.A.,Department of Conservation and Land Management; Aus,null,331919,Boomerang,Indian Ocean - East,Australia,Western Australia (Barrow Islands),-20.73469918,115.4808921,0.070266878,None
680,883,Black Rat,Rattus rattus,Rodent,1860,Good,1985,1985,Successful,Whole Island,Toxicant,NA,NA,Bait Station,NA,Pindone,NA,Burbidge; A.A.,Department of Conservation and Land Management; Aus,null,332387,Pasco,Indian Ocean - East,Australia,Western Australia (Barrow Islands),-20.96040379,115.3402184,0.027218395,None
692,899,Black Rat,Rattus rattus,Rodent,null,Satisfactory,2003,2003,Successful,Whole Island,Toxicant,NA,NA,Bait Station,NA,Brodifacoum,NA,null,null,null,464183,Sangalaki,Nusantarian Sea,Indonesia,Derawan Islands,2.085544862,118.3996879,0.181106762,Unknown
694,901,Black Rat,Rattus rattus,Rodent,1960,Good,2009,2009,Successful,Whole Island,Toxicant,NA,NA,Aerial Broadcast,NA,Brodifacoum,NA,Priddel; David,NSW Department of Environment Climate Change and Water,null,25126,Little Broughton,Pacific Ocean - South West,Australia,Myall Coast Islands,-32.62108476,152.3336639,0.275940144,None
695,902,Black Rat,Rattus rattus,Rodent,1960,Good,2009,2009,Successful,Whole Island,Toxicant,NA,NA,Aerial Broadcast,NA,Brodifacoum,NA,Priddel; David,NSW Department of Environment Climate Change and Water,null,25123,Looking Glas (South Rock),Pacific Ocean - South West,Australia,Myall Coast Islands,-32.62930348,152.3170464,0.040184827,None
696,903,Black Rat,Rattus rattus,Rodent,1960,Good,2009,2011,Successful,Whole Island,Toxicant,Toxicant,Toxicant,Aerial Broadcast,Hand Broadcast,Brodifacoum,NA,Priddel; David,NSW Department of Environment Climate Change and Water,null,25214,Broughton,Pacific Ocean - South West,Australia,Myall Coast Islands,-32.61689943,152.3163473,1.478750452,None
699,906,Black Rat,Rattus rattus,Rodent,1932,Good,2005,2005,Successful,Whole Island,Toxicant,NA,NA,Bait Station,NA,Brodifacoum,NA,Priddel; David,NSW Department of Environment Climate Change and Water,null,21697,Brush,Pacific Ocean - South West,Australia,New South Wales,-35.52914213,150.4168817,0.410562031,None
703,911,Black Rat,Rattus rattus,Rodent,null,Good,1993,1995,Successful,Whole Island,Toxicant,NA,Toxicant,Bait Station,NA,Bromadiolone,Brodifacoum,Meek; Paul,NSW Department of Environment; Climate Change and Water,null,22254,Bowen,Pacific Ocean - South West,Australia,New South Wales,-35.11833399,150.7687107,0.675909646,None
704,913,Black Rat,Rattus rattus,Rodent,2003,Good,2006,2007,Successful,Whole Island,Trapping,NA,NA,NA,NA,NA,NA,null,null,null,464201,Feno Islet (Mina),Atlantic Ocean - North,Portugal,Azores Islands (Central Group),38.64919032,-27.07368888,0.020425955,None
729,2805,Black Rat,Rattus rattus,Rodent,null,Poor,null,null,Successful,Whole Island,Unknown,Unknown,Unknown,Unknown,Unknown,Unknown,Unknown,Phillips RB,null,null,362232,Bainbridge - 4,Pacific Ocean - North East,Ecuador,Galapagos Islands,-0.359298923,-90.56430998,0.047387162,None
730,2806,Black Rat,Rattus rattus,Rodent,null,Good,2011,2012,Successful,Whole Island,Toxicant,Trapping,NA,Bait Station,NA,Diphacinone,NA,null,null,null,110000228,Moku'auia (Goat Island),Pacific Ocean - North East,United States,Hawaiian Islands,21.66281095,-157.9227435,0.05352803,None
806,2807,Black Rat,Rattus rattus,Rodent,null,Good,2004,2004,Successful,Whole Island,Toxicant,NA,NA,Bait Station,NA,Brodifacoum,NA,Carrion; Victor,Galapagos National Park Service,null,362274,Marielas Este,Pacific Ocean - North East,Ecuador,Galapagos Islands,-0.594654923,-91.09036355,0.001473745,None
807,2808,Black Rat,Rattus rattus,Rodent,2005,Satisfactory,null,2005,Successful,Incursion Response,Toxicant,NA,NA,Unknown,Unknown,Unknown,Unknown,Sposimo; Paolo,null,null,240134,La Scola,Mediterranean,Italy,Tuscan Islands,42.58379163,10.1062938,0.015112669,None
808,1043,Black Rat,Rattus rattus,Rodent,1961,Poor,1988,1990,Successful,Whole Island,Toxicant,NA,NA,Unknown,NA,Unknown,NA,McFadden; I,NZ Dept. of Conservation,null,27004,Mokopuna (Leper),Pacific Ocean - South West,New Zealand,Wellington Harbour,-41.25140147,174.8649452,0.009465536,None
810,1045,Black Rat,Rattus rattus,Rodent,null,Satisfactory,2004,2004,Successful,Whole Island,Toxicant,NA,NA,Bait Station,NA,Brodifacoum,NA,Broome; Keith,NZ Dept. of Conservation,null,88888077,Patiti (Banded),Pacific Ocean - South West,New Zealand,Lake Rotomahana,-38.26767285,176.4459231,0.12793605,None
812,1047,Black Rat,Rattus rattus,Rodent,null,Satisfactory,null,1983,Successful,Whole Island,Toxicant,NA,NA,Bait Station,NA,Pindone,NA,Broome; Keith,NZ Dept. of Conservation,null,463170,Prince,Indian Ocean - East,Australia,Western Australia (Barrow Islands),-20.72662695,115.4767075,0.001462286,None
813,1048,Black Rat,Rattus rattus,Rodent,1904,Good,1997,1997,Successful,Whole Island,Toxicant,NA,NA,Bait Station,NA,Brodifacoum,NA,Kloiber; Ulli,Chumbe Island Coral Park (CHICOP),www.chumbeisland.com,14433,Chumbe,Indian Ocean - West,Tanzania United Republic of,Zanzibar Islands,-6.278396501,39.1775159,0.176406131,Unknown
816,1051,Black Rat,Rattus rattus,Rodent,null,Good,2002,2002,Successful,Whole Island,Trapping,Toxicant,NA,Bait Station,NA,Bromadiolone,NA,Lorvelec; O.,Equipe Gestion des Populations Invasives; INRA; Station SCRIBE; Campus de Beaulieu,null,395260,Burgaux,Caribbean,Martinique,Lesser Antilles (îlets de Sainte-Anne),14.41253263,-60.83230287,0.006099243,None
818,1053,Black Rat,Rattus rattus,Rodent,null,Good,1998,1998,Successful,Whole Island,Toxicant,NA,NA,Bait Station,Hand Broadcast,Brodifacoum,NA,Varnham; Karen,Antiguan Racer Conservation Project; Island Resources Foundation,www.irf.org,386060,Lobster,Caribbean,Antigua and Barbuda,Lesser Antilles (Antigua and Barbuda Islands),17.13375054,-61.72978234,0.003695977,None
819,1054,Black Rat,Rattus rattus,Rodent,null,Good,1998,1998,Successful,Whole Island,Toxicant,NA,NA,Bait Station,Hand Broadcast,Brodifacoum,NA,Varnham; Karen,Antiguan Racer Conservation Project; Island Resources Foundation,www.irf.org,386061,Rabbit,Caribbean,Antigua and Barbuda,Lesser Antilles (Antigua and Barbuda Islands),17.135922,-61.73112685,0.022530672,None
820,1055,Black Rat,Rattus rattus,Rodent,null,Good,1998,1998,Successful,Whole Island,Toxicant,NA,NA,Bait Station,Hand Broadcast,Brodifacoum,NA,Varnham; Karen,Antiguan Racer Conservation Project; Island Resources Foundation,www.irf.org,386059,Redhead,Caribbean,Antigua and Barbuda,Lesser Antilles (Antigua and Barbuda Islands),17.13790349,-61.72833704,0.008683815,None
821,1056,Black Rat,Rattus rattus,Rodent,null,Good,2001,2002,Successful,Whole Island,Toxicant,NA,NA,Aerial Broadcast,Hand Broadcast,Brodifacoum,NA,Island Conservation,Island Conservation,www.islandconservation.org,39759,Anacapa Middle,Pacific Ocean - North East,United States,Channel Islands,34.00581062,-119.3931864,0.633290801,None
822,1058,Black Rat,Rattus rattus,Rodent,null,Satisfactory,2006,2006,Successful,Whole Island,Toxicant,NA,NA,Bait Station,NA,Brodifacoum,NA,null,null,null,110000602,Kastronisia - 1,Mediterranean,Greece,Sporades Islands,39.21167242,23.46181345,0.008036576,None
862,1119,Black Rat,Rattus rattus,Rodent,null,Satisfactory,1998,1998,Successful,Whole Island,Toxicant,NA,NA,Bait Piles,NA,Brodifacoum,NA,Pascal; Michel,Equipe Gestion des Populations Invasives; INRA; Station SCRIBE; Campus de Beaulieu,null,334536,Mato,Pacific Ocean - South West,New Caledonia,New Caledonia Islands,-22.55015074,166.7921364,0.043470893,None
882,1140,Black Rat,Rattus rattus,Rodent,1800,Satisfactory,2004,2004,Successful,Whole Island,Toxicant,NA,NA,Aerial Broadcast,NA,Brodifacoum,NA,Dervaux; Antoine,Department of Conservation of Natural Heritage  French Southern and Antarctic Lands,null,15109,Australia,Indian Ocean - West,French Southern Territories,Kerguelen Islands (Golfe du Morbihan),-49.45383115,69.85042007,19.47484298,None
894,1154,Black Rat,Rattus rattus,Rodent,null,Satisfactory,2005,2005,Successful,Whole Island,Toxicant,NA,NA,Bait Station,NA,Brodifacoum,NA,Unknown,Unknown,Unknown,237512,Polemika,Mediterranean,Greece,Lagofitonisia,39.10145506,24.10022045,0.092149406,None
895,1158,Black Rat,Rattus rattus,Rodent,null,Satisfactory,2001,2002,Successful,Whole Island,Toxicant,NA,NA,Bait Station,NA,Brodifacoum,NA,Gerber; Glen,San Diego Zoo Institute for Conservatino Research,http://www.sandiegozoo.org/conservation/,77777135,Sim Cay,Caribbean,Turks and Caicos Islands,Bahamas (Turks and Caicos (Five Cays)),21.73615793,-72.26501071,0.008602071,None
896,1159,Black Rat,Rattus rattus,Rodent,null,Satisfactory,2001,2002,Successful,Whole Island,Toxicant,NA,NA,Bait Station,NA,Brodifacoum,NA,Gerber; Glen,San Diego Zoo Institute for Conservatino Research,http://www.sandiegozoo.org/conservation/,77777134,Pusey Cay,Caribbean,Turks and Caicos Islands,Bahamas (Turks and Caicos (Five Cays)),21.73676847,-72.26781937,0.006358959,None
897,1160,Black Rat,Rattus rattus,Rodent,null,Satisfactory,2001,2002,Successful,Whole Island,Toxicant,NA,NA,Bait Station,NA,Brodifacoum,NA,Gerber; Glen,San Diego Zoo Institute for Conservatino Research,http://www.sandiegozoo.org/conservation/,464194,William Dean Cay,Caribbean,Turks and Caicos Islands,Bahamas (Turks and Caicos (Five Cays)),21.73726684,-72.27120354,0.005963988,None
911,2809,Black Rat,Rattus rattus,Rodent,2009,Satisfactory,null,2009,Successful,Incursion Response,Unknown,Unknown,Unknown,Unknown,Unknown,Unknown,Unknown,Sposimo; Paolo,null,null,240134,La Scola,Mediterranean,Italy,Tuscan Islands,42.58379163,10.1062938,0.015112669,None
912,2810,Black Rat,Rattus rattus,Rodent,2011,Satisfactory,null,2011,Successful,Incursion Response,Unknown,Unknown,Unknown,Unknown,Unknown,Unknown,Unknown,Sposimo; Paolo,null,null,240134,La Scola,Mediterranean,Italy,Tuscan Islands,42.58379163,10.1062938,0.015112669,None
923,1188,Black Rat,Rattus rattus,Rodent,null,Satisfactory,1998,1998,Successful,Whole Island,Trapping,Toxicant,NA,Unknown,NA,Bromadiolone,NA,Unknown,Unknown,Unknown,246033,Grand Congloue,Mediterranean,France,Marseille Islands (Riou Archipelago),43.17597691,5.40131815,0.019865018,None
924,1189,Black Rat,Rattus rattus,Rodent,null,Satisfactory,2005,2005,Successful,Whole Island,Trapping,Toxicant,NA,Unknown,NA,Chlorophacinone,Bromadiolone,Unknown,Unknown,Unknown,246070,Petit Congloue,Mediterranean,France,Marseille Islands (Riou Archipelago),43.17895978,5.39611226,0.004341596,None
943,1210,Black Rat,Rattus rattus,Rodent,null,Good,1995,1995,Successful,Whole Island,Toxicant,NA,NA,Bait Station,Hand Broadcast,Brodifacoum,NA,Daltry; Jenny,Flora and Fauna International,null,386054,Galley Minor,Caribbean,Antigua and Barbuda,Lesser Antilles (Antigua and Barbuda Islands),17.14299771,-61.72757599,0.00202988,None
944,1211,Black Rat,Rattus rattus,Rodent,null,Good,1995,1995,Successful,Whole Island,Toxicant,NA,NA,Bait Station,Hand Broadcast,Brodifacoum,NA,Daltry; Jenny,Flora and Fauna International,null,386053,Galley Major,Caribbean,Antigua and Barbuda,Lesser Antilles (Antigua and Barbuda Islands),17.14334837,-61.72631782,0.005974373,None
960,1229,Black Rat,Rattus rattus,Rodent,null,Good,2009,2011,Successful,Whole Island,Toxicant,NA,NA,Aerial Broadcast,Bait Station,Brodifacoum,NA,Griffiths; Richard,Island Conservation,null,26751,Motutapu,Pacific Ocean - South West,New Zealand,Hauraki Gulf,-36.76471453,174.915858,16.00336724,10-Jan
969,1237,Black Rat,Rattus rattus,Rodent,null,Good,2009,2011,Successful,Whole Island,Toxicant,NA,NA,Aerial Broadcast,Bait Station,Brodifacoum,NA,Griffiths; Richard,Island Conservation,null,26735,Rangitoto,Pacific Ocean - South West,New Zealand,Hauraki Gulf,-36.78649262,174.863184,23.83952754,11 - 100
986,1254,Black Rat,Rattus rattus,Rodent,1600,Satisfactory,null,2007,Successful,Whole Island,Toxicant,NA,NA,Bait Station,NA,Brodifacoum,1080,null,null,null,356540,Mosquera,Pacific Ocean - North East,Ecuador,Galapagos Islands,-0.404960503,-90.27772006,0.060148643,None
1041,1314,Black Rat,Rattus rattus,Rodent,null,Good,2007,2007,Successful,Whole Island,Toxicant,NA,NA,Aerial Broadcast,Hand Broadcast,Brodifacoum,NA,Samaniego; Araceli,Grupo de Ecologia y Conservacion de Islas,www.islas.org.mx,463745,Farallón de San Ignacio,Pacific Ocean - North East,Mexico,Gulf of California,25.43666799,-109.3775956,0.184239135,None
1042,1315,Black Rat,Rattus rattus,Rodent,null,Good,2009,2009,Successful,Whole Island,Toxicant,NA,NA,Aerial Broadcast,NA,Brodifacoum,NA,Samaniego; Araceli,Grupo de Ecologia y Conservacion de Islas,www.islas.org.mx,394782,Isabel,Pacific Ocean - North East,Mexico,null,21.8477553,-105.8849697,0.774556897,11 - 100
1043,1316,Black Rat,Rattus rattus,Rodent,null,Good,2007,2007,Successful,Whole Island,Toxicant,NA,NA,Aerial Broadcast,Hand Broadcast,Brodifacoum,NA,Samaniego; Araceli,Grupo de Ecologia y Conservacion de Islas,www.islas.org.mx,30455,San Pedro Mártir,Pacific Ocean - North East,Mexico,Gulf of California (Midriff Islands),28.38145886,-112.3066361,2.739483138,None
1048,1321,Black Rat,Rattus rattus,Rodent,null,Good,2011,2011,Successful,Whole Island,Toxicant,NA,NA,Aerial Broadcast,Hand Broadcast,Brodifacoum,NA,Island Conservation,Island Conservation,www.islandconservation.org,354623,Palmyra,Pacific Ocean - North East,United States Minor Outlying Islands,Line Islands,5.883944632,-162.0777883,2.566938776,11 - 100
1050,1675,Black Rat,Rattus rattus,Rodent,null,Satisfactory,2001,2002,Successful,Whole Island,Toxicant,NA,NA,Bait Station,NA,Brodifacoum,NA,Gerber; Glen,San Diego Zoo Institute for Conservatino Research,http://www.sandiegozoo.org/conservation/,420365,Bay Cay,Caribbean,Turks and Caicos Islands,Bahamas (Turks and Caicos),21.91559291,-71.89012768,0.307169156,None
1054,1681,Black Rat,Rattus rattus,Rodent,null,Good,1996,1996,Successful,Whole Island,Toxicant,NA,NA,Bait Station,NA,Brodifacoum,NA,Burbidge; A.A.,Department of Conservation and Land Management; Aus,null,331014,Trimouille,Indian Ocean - East,Australia,Western Australia (Montebello Islands),-20.39645599,115.5666887,4.79261792,None
1056,1684,Black Rat,Rattus rattus,Rodent,null,Good,2009,2009,Successful,Whole Island,Toxicant,NA,NA,Aerial Broadcast,NA,Brodifacoum,NA,Broome; Keith,NZ Dept. of Conservation,null,459034,Urupukapuka,Pacific Ocean - South West,New Zealand,Bay of Islands,-35.21482764,174.2318392,2.494700517,Unknown
1057,1685,Black Rat,Rattus rattus,Rodent,null,Good,2010,2011,Successful,Whole Island,Toxicant,NA,NA,Aerial Broadcast,NA,Diphacinone,NA,null,null,null,102117,Mukojima,Pacific Ocean - North West,Japan,Ogasawara Islands (Mukojima Group),27.68095793,142.1389193,2.557402484,None
1060,1688,Black Rat,Rattus rattus,Rodent,null,Good,2012,2012,Successful,Whole Island,Toxicant,NA,NA,Bait Station,NA,Brodifacoum,NA,Daltry; Jenny,Flora and Fauna International,null,410593,Dog,Caribbean,Anguilla,Lesser Antilles (Anguilla Islands),18.27870161,-63.25116181,1.95307166,None
1061,1689,Black Rat,Rattus rattus,Rodent,null,Good,2007,2007,Successful,Whole Island,Toxicant,NA,NA,Aerial Broadcast,NA,Brodifacoum,NA,Rocamora; Gérard,Island Conservation Society,http://www.islandconservationseychelles.com/,19650,Grande Ile (Wizard),Indian Ocean - West,Seychelles,Cosmoledo Atoll,-9.748939294,47.64727578,1.563342954,None
1062,1690,Black Rat,Rattus rattus,Rodent,null,Good,2005,2005,Successful,Whole Island,Toxicant,NA,NA,Aerial Broadcast,NA,Brodifacoum,NA,Rocamora; Gérard,Island Conservation Society,http://www.islandconservationseychelles.com/,19651,North,Indian Ocean - West,Seychelles,Seychelles,-4.39222232,55.24490282,1.950852103,101 - 1000
1063,1691,Black Rat,Rattus rattus,Rodent,null,Satisfactory,null,2005,Successful,Whole Island,Toxicant,NA,NA,Aerial Broadcast,NA,Brodifacoum,NA,Broome; Keith,NZ Dept. of Conservation,null,24042,Bench,Pacific Ocean - South West,New Zealand,Stewart Islands,-46.90934994,168.2398052,1.749140597,None
1065,1693,Black Rat,Rattus rattus,Rodent,null,Good,2009,2009,Successful,Whole Island,Toxicant,NA,NA,Aerial Broadcast,NA,Brodifacoum,NA,Broome; Keith,NZ Dept. of Conservation,null,459035,Moturua,Pacific Ocean - South West,New Zealand,Bay of Islands,-35.2236004,174.1909514,1.685443111,None
1066,1694,Black Rat,Rattus rattus,Rodent,null,Satisfactory,2009,2009,Successful,Whole Island,Toxicant,NA,NA,Bait Station,Hand Broadcast,Diphacinone,NA,Witmer; Gary,USDA-NWRC,null,4902,Egmont Cay,Caribbean,United States,Tampa Bay Islands,27.59086105,-82.76127187,1.185554904,None
1067,1695,Black Rat,Rattus rattus,Rodent,null,Satisfactory,null,1986,Successful,Whole Island,Toxicant,NA,NA,Bait Station,NA,Pindone,NA,Burbidge; A.A.,Department of Conservation and Land Management; Aus,null,464022,West Lacepede,Indian Ocean - East,Australia,Western Australia (Kimberly coast),-16.85472573,122.110913,0.909650627,None
1069,1697,Black Rat,Rattus rattus,Rodent,null,Satisfactory,null,2005,Successful,Whole Island,Toxicant,NA,NA,Aerial Broadcast,NA,Brodifacoum,NA,Broome; Keith,NZ Dept. of Conservation,null,26897,Pickersgill,Pacific Ocean - South West,New Zealand,Queen Charlotte Sound,-41.16052755,174.2821797,1.014761757,None
1070,1698,Black Rat,Rattus rattus,Rodent,null,Good,2002,2002,Successful,Whole Island,Toxicant,NA,NA,Bait Station,Hand Broadcast,Brodifacoum,Brodifacoum,Broome; Keith,NZ Dept. of Conservation,null,26909,Quail,Pacific Ocean - South West,New Zealand,Canterbury Islands,-43.6284509,172.6909702,0.825845439,None
1071,1699,Black Rat,Rattus rattus,Rodent,null,Satisfactory,null,1980,Successful,Whole Island,Toxicant,NA,NA,Unknown,NA,Unknown,NA,Burbidge; A.A.,Department of Conservation and Land Management; Aus,null,330931,West Islet,Indian Ocean - East,Australia,Ashmore Reef,-12.24242905,122.9665913,0.293587182,None
1072,1700,Black Rat,Rattus rattus,Rodent,null,Good,1999,2000,Successful,Whole Island,Toxicant,NA,NA,Bait Station,Hand Broadcast,Diphacinone,NA,Witmer; Gary,USDA-NWRC,null,390597,Buck,Caribbean,Virgin Islands U.S.,Lesser Antilles (US Virgin Islands (St. Croix Islands)),17.78714983,-64.62090151,0.693343999,None
1076,1706,Black Rat,Rattus rattus,Rodent,null,Satisfactory,2004,2004,Successful,Whole Island,Toxicant,NA,NA,Aerial Broadcast,NA,Brodifacoum,NA,Broome; Keith,NZ Dept. of Conservation,null,24211,Horomamae (Owen),Pacific Ocean - South West,New Zealand,Stewart Islands,-47.12482404,168.1550738,0.328836308,None
1077,1707,Black Rat,Rattus rattus,Rodent,null,Good,2007,2007,Successful,Whole Island,Toxicant,NA,NA,Aerial Broadcast,NA,Brodifacoum,NA,Rocamora; Gérard,Island Conservation Society,http://www.islandconservationseychelles.com/,88888026,Grande Polyte,Indian Ocean - West,Seychelles,Cosmoledo Atoll,-9.719122176,47.65649257,0.326097344,None
1079,1711,Black Rat,Rattus rattus,Rodent,null,Poor,null,2000,Successful,Whole Island,Unknown,Unknown,Unknown,Unknown,Unknown,Unknown,Unknown,Burbidge; A.A.,Department of Conservation and Land Management; Aus,null,333101,Stephens,Pacific Ocean - South West,Australia,Queensland Islands,-17.73806421,146.1600742,0.176027852,None
1080,1712,Black Rat,Rattus rattus,Rodent,null,Satisfactory,2009,2009,Successful,Whole Island,Toxicant,NA,NA,Aerial Broadcast,NA,Brodifacoum,NA,Broome; Keith,NZ Dept. of Conservation,null,461560,Okahu,Pacific Ocean - South West,New Zealand,Bay of Islands,-35.19850051,174.2091029,0.331800385,None
1081,1713,Black Rat,Rattus rattus,Rodent,1918,Good,1983,1983,Successful,Whole Island,Toxicant,NA,NA,Bait Station,NA,Pindone,NA,Burbidge; A.A.,Department of Conservation and Land Management; Aus,null,331989,Double Islands South,Indian Ocean - East,Australia,Western Australia (Barrow Islands),-20.74609618,115.4921234,0.255866335,None
1082,1714,Black Rat,Rattus rattus,Rodent,null,Good,2008,2008,Successful,Whole Island,Toxicant,NA,NA,Aerial Broadcast,NA,Diphacinone,NA,null,null,null,109098,Higashijima,Pacific Ocean - North West,Japan,Ogasawara Islands (Chichijima Group),27.0933394,142.2450993,0.245804092,None
1084,1718,Black Rat,Rattus rattus,Rodent,null,Satisfactory,2011,2011,Successful,Whole Island,Toxicant,NA,NA,Aerial Broadcast,NA,Brodifacoum,NA,Keitt; Brad,Island Conservation,www.islandconservation.org,362233,Bainbridge - 3,Pacific Ocean - North East,Ecuador,Galapagos Islands,-0.351330041,-90.56610087,0.204708477,None
1089,1726,Black Rat,Rattus rattus,Rodent,null,Good,2004,2004,Successful,Whole Island,Toxicant,NA,NA,Bait Station,NA,Diphacinone,NA,Pierce; Judy,USVI Ministry of Environment,null,420512,Dutchcap Cay,Caribbean,Virgin Islands U.S.,Lesser Antilles (US Virgin Islands),18.38000948,-65.06176091,0.142779574,None
1090,1727,Black Rat,Rattus rattus,Rodent,null,Good,2003,2003,Successful,Whole Island,Toxicant,NA,NA,Bait Station,NA,Diphacinone,NA,Pierce; Judy,USVI Ministry of Environment,null,420520,Saba,Caribbean,Virgin Islands U.S.,Lesser Antilles (US Virgin Islands (St. Thomas Islands)),18.30523023,-65.00004629,0.12551122,None
1091,1728,Black Rat,Rattus rattus,Rodent,null,Good,2005,2005,Successful,Whole Island,Toxicant,NA,NA,Bait Station,NA,Diphacinone,NA,Pierce; Judy,USVI Ministry of Environment,null,420481,Capella,Caribbean,Virgin Islands U.S.,Lesser Antilles (US Virgin Islands (St. Thomas Islands)),18.27544365,-64.88755818,0.087873253,None
1095,1732,Black Rat,Rattus rattus,Rodent,null,Good,1996,1996,Successful,Whole Island,Toxicant,NA,NA,Bait Station,NA,Brodifacoum,NA,Burbidge; A.A.,Department of Conservation and Land Management; Aus,null,88888046,Gardenia,Indian Ocean - East,Australia,Western Australia (Montebello Islands),-20.38314252,115.5285357,0.125136448,None
1096,1733,Black Rat,Rattus rattus,Rodent,null,Good,2007,2007,Successful,Whole Island,Toxicant,NA,NA,Hand Broadcast,Other,Brodifacoum,NA,null,null,null,346587,Pein Mal,Pacific Ocean - North West,Micronesia Federated States of,Pohnpei,6.829262573,158.322124,0.05611192,None
1098,1735,Black Rat,Rattus rattus,Rodent,null,Satisfactory,null,1983,Successful,Whole Island,Toxicant,NA,NA,Bait Station,NA,Diphacinone,NA,Pierce; Judy,USVI Ministry of Environment,null,420536,Dog,Caribbean,Virgin Islands U.S.,Lesser Antilles (US Virgin Islands (St. Thomas Islands)),18.29576351,-64.81624357,0.055095518,None
1099,1736,Black Rat,Rattus rattus,Rodent,null,Good,2011,2011,Successful,Whole Island,Toxicant,NA,NA,Aerial Broadcast,NA,Brodifacoum,NA,Island Conservation,Island Conservation,www.islandconservation.org,362235,Bainbridge - 1,Pacific Ocean - North East,Ecuador,Galapagos Islands,-0.343556724,-90.55892297,0.089372782,None
1100,1740,Black Rat,Rattus rattus,Rodent,null,Satisfactory,2009,2009,Successful,Whole Island,Toxicant,NA,NA,Aerial Broadcast,NA,Brodifacoum,NA,Broome; Keith,NZ Dept. of Conservation,null,88888074,Te Ao,Pacific Ocean - South West,New Zealand,Bay of Islands (Urupukapuka),-35.22760283,174.2414585,0.013085667,None
1102,1742,Black Rat,Rattus rattus,Rodent,null,Good,2000,2000,Successful,Whole Island,Toxicant,NA,NA,Bait Station,NA,Brodifacoum,NA,null,null,null,415830,Low Cay,Caribbean,Bahamas,Bahamas (San Salvador Bank),23.93850609,-74.4813696,0.114480426,None
1103,1743,Black Rat,Rattus rattus,Rodent,null,Satisfactory,2009,2009,Successful,Whole Island,Toxicant,NA,NA,Aerial Broadcast,NA,Brodifacoum,NA,Broome; Keith,NZ Dept. of Conservation,null,88888075,Mahenotiti,Pacific Ocean - South West,New Zealand,Bay of Islands (Urupukapuka),-35.22754213,174.2479817,0.008941625,None
1104,1744,Black Rat,Rattus rattus,Rodent,null,Poor,null,1991,Successful,Whole Island,Toxicant,Trapping,NA,Bait Station,NA,Coumatetralyl,NA,null,null,null,236401,3 islets,Mediterranean,France,Corsican Islands (Cerbicale Islands),41.55548763,9.366370879,0.023980637,None
1105,1746,Black Rat,Rattus rattus,Rodent,null,Good,1991,1991,Successful,Whole Island,Toxicant,NA,NA,Bait Piles,NA,Bromadiolone,NA,Tolson; Peter,Todelo Zoo,null,420098,Cayo Ratones,Caribbean,Puerto Rico,Greater Antilles (Puerto Rican Islands),18.38208075,-65.58008896,0.046689607,None
1107,1747,Black Rat,Rattus rattus,Rodent,null,Good,2005,2006,Successful,Whole Island,Toxicant,Trapping,NA,Bait Station,NA,Brodifacoum,NA,Rocamora; Gérard,Island Conservation Society,http://www.islandconservationseychelles.com/,464134,Anonyme,Indian Ocean - West,Seychelles,Seychelles,-4.6636749,55.52452998,0.105913368,Unknown
1109,1749,Black Rat,Rattus rattus,Rodent,null,Good,1996,1996,Successful,Whole Island,Toxicant,NA,NA,Bait Station,NA,Brodifacoum,NA,Burbidge; A.A.,Department of Conservation and Land Management; Aus,null,88888047,Carnation,Indian Ocean - East,Australia,Western Australia (Montebello Islands),-20.37896478,115.5218691,0.089896083,None
1110,1750,Black Rat,Rattus rattus,Rodent,null,Poor,null,2000,Successful,Whole Island,Unknown,Unknown,Unknown,Unknown,Unknown,Unknown,Unknown,Burbidge; A.A.,Department of Conservation and Land Management; Aus,null,333284,Sister,Pacific Ocean - South West,Australia,Queensland Islands,-17.74540556,146.1611724,0.084395545,None
1112,1755,Black Rat,Rattus rattus,Rodent,null,Satisfactory,2011,2011,Successful,Whole Island,Toxicant,NA,NA,Aerial Broadcast,NA,Brodifacoum,NA,Island Conservation,Island Conservation,www.islandconservation.org,362219,Roca Beagle Sur,Pacific Ocean - North East,Ecuador,Galapagos Islands,-0.418442415,-90.62935922,0.076102735,None
1116,1766,Black Rat,Rattus rattus,Rodent,null,Good,2008,2008,Successful,Whole Island,Toxicant,NA,NA,Hand Broadcast,Bait Station,Brodifacoum,NA,Pascal; Michel,Equipe Gestion des Populations Invasives; INRA; Station SCRIBE; Campus de Beaulieu,null,334562,Table,Pacific Ocean - South West,New Caledonia,New Caledonia Islands,-20.55786934,164.1847381,0.144139786,None
1117,1767,Black Rat,Rattus rattus,Rodent,null,Good,2007,2007,Successful,Whole Island,Toxicant,NA,NA,Bait Station,NA,Brodifacoum,NA,null,null,null,346525,Nahkapw,Pacific Ocean - North West,Micronesia Federated States of,Pohnpei,6.843881955,158.3442351,0.016428683,None
1118,1768,Black Rat,Rattus rattus,Rodent,null,Satisfactory,null,1982,Successful,Whole Island,Toxicant,NA,NA,Bait Station,NA,Diphacinone,NA,Pierce; Judy,USVI Ministry of Environment,null,420570,Kalkun Cay,Caribbean,Virgin Islands U.S.,Lesser Antilles (US Virgin Islands (St. Thomas Islands)),18.35032527,-65.0576566,0.029685054,None
1120,1776,Black Rat,Rattus rattus,Rodent,null,Satisfactory,2003,2003,Successful,Whole Island,Toxicant,NA,NA,Hand Broadcast,NA,Bromadiolone,NA,Dervaux; Antoine,Department of Conservation of Natural Heritage  French Southern and Antarctic Lands,null,15371,Ile du Lys,Indian Ocean - West,French Southern Territories,Glorioso,-11.51683495,47.3768806,0.206953955,None
1123,1787,Black Rat,Rattus rattus,Rodent,null,Poor,null,1974,Successful,Whole Island,Unknown,Unknown,Unknown,Unknown,Unknown,Unknown,Unknown,null,null,null,463167,Fisher,Pacific Ocean - South West,Australia,Tasmanian Islands (Furneaux Group (Great Dog Islands)),-40.2170686,148.2392417,0.008735597,None
1124,1788,Black Rat,Rattus rattus,Rodent,null,Good,2001,2001,Successful,Whole Island,Toxicant,NA,NA,Hand Broadcast,NA,Brodifacoum,NA,null,null,null,456097,Helen,Pacific Ocean - North West,Palau,Southwest Islands,2.972818389,131.8121684,0.160499884,10-Jan
1125,1789,Black Rat,Rattus rattus,Rodent,null,Poor,null,1991,Successful,Whole Island,Toxicant,Trapping,NA,Bait Station,NA,Coumatetralyl,NA,null,null,null,236533,Toro Piccolo,Mediterranean,France,Corsican Islands (Cerbicale Islands),41.50918354,9.3815918,0.020431062,None
1132,1804,Black Rat,Rattus rattus,Rodent,null,Satisfactory,1985,1991,Successful,Whole Island,Toxicant,NA,NA,Bait Station,NA,Bromadiolone,Brodifacoum,null,null,null,333981,SW Coringa Islet,Pacific Ocean - South West,Australia,Coringa-Herald Cays (Coringa Islets),-16.9683032,149.9086007,0.19656274,None
1133,1808,Black Rat,Rattus rattus,Rodent,null,Good,2009,2010,Successful,Whole Island,Toxicant,NA,NA,Hand Broadcast,NA,Brodifacoum,NA,null,null,null,19419,Gombe Ndroumbe,Indian Ocean - West,Mayotte,Mayotte Islands,-12.74969561,45.26998557,0.012870086,None
1134,1812,Black Rat,Rattus rattus,Rodent,null,Satisfactory,2009,2009,Successful,Whole Island,Toxicant,NA,NA,Aerial Broadcast,NA,Brodifacoum,NA,Broome; Keith,NZ Dept. of Conservation,null,26832,Hat,Pacific Ocean - South West,New Zealand,Bay of Islands (Urupukapuka),-35.21722652,174.2524414,0.000341013,None
1136,1814,Black Rat,Rattus rattus,Rodent,null,Satisfactory,2009,2009,Successful,Whole Island,Toxicant,NA,NA,Aerial Broadcast,NA,Brodifacoum,NA,Broome; Keith,NZ Dept. of Conservation,null,88888068,Kuiamokimoki,Pacific Ocean - South West,New Zealand,Bay of Islands (Moturoa),-35.23039829,174.19849,0.00405784,None
1137,1815,Black Rat,Rattus rattus,Rodent,null,Poor,null,2005,Successful,Whole Island,Unknown,Unknown,Unknown,Unknown,Unknown,Unknown,Unknown,Broome; Keith,NZ Dept. of Conservation,null,110000216,Motukaraka,Pacific Ocean - South West,New Zealand,Hokianga Harbour,-35.39046811,173.4828504,0.155363326,None
1138,1816,Black Rat,Rattus rattus,Rodent,null,Satisfactory,2009,2009,Successful,Whole Island,Toxicant,NA,NA,Aerial Broadcast,NA,Brodifacoum,NA,Broome; Keith,NZ Dept. of Conservation,null,88888069,Motuoi,Pacific Ocean - South West,New Zealand,Bay of Islands (Moturoa),-35.21909192,174.1819477,0.024250596,None
1139,1821,Black Rat,Rattus rattus,Rodent,null,Satisfactory,2009,2009,Successful,Whole Island,Toxicant,NA,NA,Aerial Broadcast,NA,Brodifacoum,NA,Broome; Keith,NZ Dept. of Conservation,null,88888072,Pakatahi,Pacific Ocean - South West,New Zealand,Bay of Islands (Moturoa),-35.23115647,174.2000723,0.004585925,None
1140,1822,Black Rat,Rattus rattus,Rodent,null,Satisfactory,2009,2009,Successful,Whole Island,Toxicant,NA,NA,Aerial Broadcast,NA,Brodifacoum,NA,Broome; Keith,NZ Dept. of Conservation,null,88888073,Rangiatea,Pacific Ocean - South West,New Zealand,Bay of Islands (Moturoa),-35.21804184,174.1797091,0.016556454,None
1141,1823,Black Rat,Rattus rattus,Rodent,null,Satisfactory,2009,2009,Successful,Whole Island,Toxicant,NA,NA,Aerial Broadcast,NA,Brodifacoum,NA,Broome; Keith,NZ Dept. of Conservation,null,88888066,Round,Pacific Ocean - South West,New Zealand,Bay of Islands (Urupukapuka),-35.22818295,174.2366307,0.015534053,None
1278,2023,Black Rat,Rattus rattus,Rodent,null,Poor,null,null,Successful,Whole Island,Unknown,Unknown,Unknown,Unknown,Unknown,Unknown,Unknown,null,null,null,110000301,Logie (Lougie),Pacific Ocean - North East,Ecuador,Galapagos Islands,-0.254561722,-90.57770813,0.002944456,None
1311,2124,Black Rat,Rattus rattus,Rodent,null,Good,2012,2012,Successful,Whole Island,Toxicant,NA,NA,Aerial Broadcast,NA,Brodifacoum,NA,Sposimo; Paolo,null,null,239664,Montecristo,Mediterranean,Italy,Tuscan Islands,42.33229226,10.30908051,10.49815725,10-Jan
1319,2134,Black Rat,Rattus rattus,Rodent,null,Good,2000,2000,Successful,Whole Island,Trapping,Toxicant,NA,Bait Station,NA,Bromadiolone,NA,Lorvelec; O.,Equipe Gestion des Populations Invasives; INRA; Station SCRIBE; Campus de Beaulieu,null,88888124,Lavezzu Islets - 18 total,Mediterranean,France,Lavezzi Archipelago,41.33789,9.24453,0.007814168,None
1326,2142,Black Rat,Rattus rattus,Rodent,null,Satisfactory,2011,2011,Successful,Whole Island,Toxicant,NA,NA,Aerial Broadcast,NA,Brodifacoum,NA,Island Conservation,Island Conservation,www.islandconservation.org,362220,Roca Beagle Norte,Pacific Ocean - North East,Ecuador,Galapagos Islands,-0.414218724,-90.62782087,0.011115423,None
1329,2146,Black Rat,Rattus rattus,Rodent,500,Good,2009,2009,Successful,Whole Island,Trapping,Toxicant,NA,Bait Station,NA,Brodifacoum,NA,null,null,null,240597,Zembrettina,Mediterranean,Tunisia,Zembra Archipelago,37.10631307,10.8706948,0.004872295,None
1332,2151,Black Rat,Rattus rattus,Rodent,null,Good,2001,2007,Successful,Whole Island,Trapping,Toxicant,NA,Bait Station,NA,Bromadiolone,NA,Lorvelec; O.,Equipe Gestion des Populations Invasives; INRA; Station SCRIBE; Campus de Beaulieu,null,395228,Hardy,Caribbean,Martinique,Lesser Antilles (îlets de Sainte-Anne),14.41730907,-60.83158832,0.024980252,None
1334,2153,Black Rat,Rattus rattus,Rodent,null,Good,2011,2011,Successful,Whole Island,Toxicant,NA,NA,Aerial Broadcast,Hand Broadcast,Brodifacoum,NA,null,null,null,235938,Dragonera,Mediterranean,Spain,Balearic Islands (Mallorca Group),39.5843818,2.319859,2.732221434,None
1337,2156,Black Rat,Rattus rattus,Rodent,null,Good,2005,2005,Successful,Whole Island,Toxicant,NA,NA,Bait Station,Hand Broadcast,Diphacinone,NA,Lombard; Claudia,USFWS,null,420479,Buck,Caribbean,Virgin Islands U.S.,Lesser Antilles (US Virgin Islands (St. Thomas Islands)),18.27707682,-64.89402929,0.17066962,None
1340,2170,Black Rat,Rattus rattus,Rodent,null,Satisfactory,null,1984,Successful,Whole Island,Toxicant,NA,NA,Hand Broadcast,NA,Diphacinone,NA,Pierce; Judy,USVI Ministry of Environment,null,420569,Stevens Cay,Caribbean,Virgin Islands U.S.,Lesser Antilles (US Virgin Islands),18.33021888,-64.80732836,0.016781484,None
1342,2177,Black Rat,Rattus rattus,Rodent,null,Good,2005,2005,Successful,Whole Island,Toxicant,NA,NA,Bait Station,Hand Broadcast,Brodifacoum,NA,null,null,null,389578,Rat,Caribbean,Saint Lucia,Lesser Antilles (St. Lucia Islands),14.03369203,-60.98153058,0.012506879,None
1344,2179,Black Rat,Rattus rattus,Rodent,null,Good,2007,2007,Successful,Whole Island,Toxicant,NA,NA,Aerial Broadcast,NA,Brodifacoum,NA,Rocamora; Gérard,Island Conservation Society,http://www.islandconservationseychelles.com/,110000700,Petit Polyte,Indian Ocean - West,Seychelles,Cosmoledo Atoll,-9.729486289,47.65696241,0.017666835,None
1345,2181,Black Rat,Rattus rattus,Rodent,null,Good,2009,2009,Successful,Whole Island,Toxicant,NA,NA,Bait Station,NA,Brodifacoum,NA,null,null,null,240595,Zembretta,Mediterranean,Tunisia,Zembra Archipelago,37.10638927,10.87463778,0.066019738,None
1347,2184,Black Rat,Rattus rattus,Rodent,null,Good,2010,2010,Successful,Whole Island,Toxicant,NA,NA,Aerial Broadcast,NA,Brodifacoum,NA,Rocamora; Gérard,Island Conservation Society,http://www.islandconservationseychelles.com/,19660,Grande Soeur,Indian Ocean - West,Seychelles,Seychelles,-4.288905026,55.86934716,0.730482923,Unknown
1348,2185,Black Rat,Rattus rattus,Rodent,null,Good,2010,2010,Successful,Whole Island,Toxicant,NA,NA,Aerial Broadcast,NA,Brodifacoum,NA,Rocamora; Gérard,Island Conservation Society,http://www.islandconservationseychelles.com/,19676,Petite Soeur,Indian Ocean - West,Seychelles,Seychelles,-4.287741713,55.85548118,0.34309808,None
1349,2186,Black Rat,Rattus rattus,Rodent,null,Good,2011,2011,Successful,Whole Island,Toxicant,NA,NA,Hand Broadcast,NA,Brodifacoum,NA,Samaniego; Araceli,Grupo de Ecologia y Conservacion de Islas,www.islas.org.mx,398417,Pérez,Caribbean,Mexico,Gulf of Mexico (Arrecife Alacranes),22.38379107,-89.68356538,0.208123339,10-Jan
1350,2187,Black Rat,Rattus rattus,Rodent,null,Good,2011,2011,Successful,Whole Island,Toxicant,NA,NA,Hand Broadcast,Other,Brodifacoum,NA,Island Conservation,Island Conservation,www.islandconservation.org,359163,Toreauta (Tahanea Atoll),Pacific Ocean - South East,French Polynesia,Tuamotu Archipelago,-16.97742876,-144.7017545,0.072031264,None
1351,2188,Black Rat,Rattus rattus,Rodent,null,Good,2012,2012,Successful,Whole Island,Toxicant,NA,NA,Aerial Broadcast,Bait Station,Brodifacoum,NA,Samaniego; Araceli,Grupo de Ecologia y Conservacion de Islas,www.islas.org.mx,398579,Cayo Norte Mayor,Caribbean,Mexico,Banco Chinchorro,18.74836401,-87.30138215,0.246653752,10-Jan
1352,2189,Black Rat,Rattus rattus,Rodent,null,Good,2012,2012,Successful,Whole Island,Toxicant,NA,NA,Aerial Broadcast,Bait Station,Brodifacoum,NA,Samaniego; Araceli,Grupo de Ecologia y Conservacion de Islas,www.islas.org.mx,110000104,Cayo Norte Menor,Caribbean,Mexico,Banco Chinchorro,18.73956472,-87.3050048,0.134619509,None
1354,2191,Black Rat,Rattus rattus,Rodent,null,Good,null,2012,Successful,Whole Island,Trapping,Toxicant,NA,Bait Station,NA,Difenacoum,Bromadiolone,null,null,null,246048,Tiboulen de Maire,Mediterranean,France,Marseille Islands (Riou Archipelago),43.21405977,5.32678818,0.02402522,None
1359,2196,Black Rat,Rattus rattus,Rodent,null,Good,2009,2009,Successful,Incursion Response,Toxicant,NA,NA,Bait Station,NA,Brodifacoum,NA,null,null,null,19363,Ile aux Aigrettes,Indian Ocean - West,Mauritius,Mauritius Islands,-20.41948159,57.73363991,0.262033171,10-Jan
1366,2206,Black Rat,Rattus rattus,Rodent,null,Satisfactory,2009,2010,Successful,Whole Island,Toxicant,NA,NA,Bait Station,NA,Brodifacoum,NA,Sposimo; Paolo,null,null,240091,Cavalli,Mediterranean,Italy,Sardinian Islands,40.88545601,9.64029431,0.025908736,None
1368,2210,Black Rat,Rattus rattus,Rodent,null,Good,2009,2010,Successful,Whole Island,Toxicant,NA,NA,Bait Station,NA,Brodifacoum,NA,Sposimo; Paolo,null,null,240072,Piana,Mediterranean,Italy,Sardinian Islands,40.8881109,9.65101208,0.140216565,None
1369,2213,Black Rat,Rattus rattus,Rodent,null,Good,2012,2012,Successful,Whole Island,Toxicant,NA,NA,Aerial Broadcast,NA,Brodifacoum,NA,Island Conservation,Island Conservation,www.islandconservation.org,356524,Pinzón,Pacific Ocean - North East,Ecuador,Galapagos Islands,-0.610869147,-90.66589399,17.82866978,None
1371,2215,Black Rat,Rattus rattus,Rodent,2012,Good,2013,2013,Successful,Whole Island,Toxicant,NA,NA,Bait Station,NA,Unknown,NA,null,null,null,20264,Penguin,Indian Ocean - East,Australia,Western Australia,-32.30548132,115.6907838,0.119366443,None
1378,2248,Black Rat,Rattus rattus,Rodent,null,Satisfactory,null,1980,Successful,Whole Island,Toxicant,NA,NA,Bait Station,NA,Unknown,NA,null,null,null,420068,Cayo Diablo,Caribbean,Puerto Rico,Greater Antilles (Puerto Rican Islands),18.36252153,-65.53024825,0.073022366,None
1379,2250,Black Rat,Rattus rattus,Rodent,null,Satisfactory,2010,2010,Successful,Whole Island,Toxicant,NA,NA,Bait Station,NA,Brodifacoum,NA,Ventosa; Eddie,Puerto Rico Department of Natural and Environmental Resources,null,420075,Cardona,Caribbean,Puerto Rico,Greater Antilles (Puerto Rican Islands; Ponce Islands),17.95694812,-66.63516582,0.030620975,None
1394,3159,Black Rat,Rattus rattus,Rodent,null,Satisfactory,2011,2011,Successful,Whole Island,Toxicant,NA,NA,Bait Station,NA,Brodifacoum,NA,Ventosa; Eddie,Puerto Rico Department of Natural and Environmental Resources,null,110000118,Tijeretas II,Caribbean,Puerto Rico,Greater Antilles (Puerto Rican Islands; Parguera Islands),17.96243737,-67.0705494,0.013694772,None
1395,3188,Black Rat,Rattus rattus,Rodent,null,Poor,null,null,Successful,Whole Island,Unknown,Unknown,Unknown,Unknown,Unknown,Unknown,Unknown,McMinn M.,null,null,235930,Cabrera Gran,Mediterranean,Spain,Balearic Islands (Cabrera Group),39.14509784,2.9435009,12.03367126,11 - 100
1411,2285,Black Rat,Rattus rattus,Rodent,null,Satisfactory,2006,2008,Successful,Whole Island,Toxicant,NA,NA,Hand Broadcast,Bait Station,Bromadiolone,NA,null,null,null,236134,Imperial,Mediterranean,Spain,Balearic Islands (Cabrera Group),39.12548191,2.95905404,0.027658198,None
1412,2286,Black Rat,Rattus rattus,Rodent,null,Satisfactory,2006,2008,Successful,Whole Island,Toxicant,NA,NA,Bait Station,Hand Broadcast,Bromadiolone,NA,McMinn M.,null,null,236012,Redona,Mediterranean,Spain,Balearic Islands (Cabrera Group),39.1680677,2.97639342,0.117055945,None
1413,2288,Black Rat,Rattus rattus,Rodent,null,Satisfactory,2006,2008,Successful,Whole Island,Toxicant,NA,NA,Bait Station,NA,Bromadiolone,NA,McMinn M.,null,null,236373,Fonoll,Mediterranean,Spain,Balearic Islands (Cabrera Group),39.14828851,2.96372256,0.003890054,None
1417,2293,Black Rat,Rattus rattus,Rodent,null,Satisfactory,2006,2008,Successful,Whole Island,Toxicant,NA,NA,Hand Broadcast,NA,Bromadiolone,NA,null,null,null,236376,Esclata-sang,Mediterranean,Spain,Balearic Islands (Cabrera Group),39.1257243,2.94315685,0.007273517,None
1457,2336,Black Rat,Rattus rattus,Rodent,null,Good,2005,2006,Successful,Whole Island,Toxicant,NA,NA,Hand Broadcast,NA,Brodifacoum,NA,Rocamora; Gérard,Island Conservation Society,http://www.islandconservationseychelles.com/,110000705,Ile aux Rats,Indian Ocean - West,Seychelles,Seychelles,-4.668975736,55.53519976,0.008817824,None
1481,2368,Black Rat,Rattus rattus,Rodent,null,Good,1998,1998,Successful,Whole Island,Toxicant,NA,NA,Bait Station,Hand Broadcast,Brodifacoum,NA,null,null,null,110000101,Little Lobster,Caribbean,Antigua and Barbuda,Lesser Antilles (Antigua and Barbuda Islands),17.1350651,-61.72887082,0.000495069,None
1495,2382,Black Rat,Rattus rattus,Rodent,null,Satisfactory,2011,2011,Successful,Whole Island,Toxicant,NA,NA,Bait Station,Hand Broadcast,Brodifacoum,NA,null,null,null,389594,Praslin,Caribbean,Saint Lucia,Lesser Antilles (St. Lucia Islands),13.87521385,-60.88956899,0.009459483,None
1501,2388,Black Rat,Rattus rattus,Rodent,null,Satisfactory,2011,2011,Successful,Whole Island,Toxicant,NA,NA,Bait Station,NA,Brodifacoum,NA,Ventosa; Eddie,Puerto Rico Department of Natural and Environmental Resources,null,110000117,Tijeretas I,Caribbean,Puerto Rico,Greater Antilles (Puerto Rican Islands; Parguera Islands),17.96433357,-67.07104446,0.014986499,None
1503,2391,Black Rat,Rattus rattus,Rodent,null,Good,2013,2013,Successful,Whole Island,Toxicant,NA,NA,Aerial Broadcast,NA,Brodifacoum,NA,Wein; Laurie,Parks Canada,null,183728,Murchison,Pacific Ocean - North East,Canada,British Columbia (Haida Gwaii),52.59349111,-131.4590144,3.999052632,None
1504,2392,Black Rat,Rattus rattus,Rodent,null,Good,2013,2013,Successful,Whole Island,Toxicant,NA,NA,Aerial Broadcast,NA,Brodifacoum,NA,Wein; Laurie,Parks Canada,null,183720,Murchison Passage,Pacific Ocean - North East,Canada,British Columbia (Haida Gwaii),52.59691859,-131.4672777,0.090117572,None
1505,2393,Black Rat,Rattus rattus,Rodent,null,Good,2013,2013,Successful,Whole Island,Toxicant,NA,NA,Aerial Broadcast,NA,Brodifacoum,NA,Wein; Laurie,Parks Canada,null,173926,Faraday,Pacific Ocean - North East,Canada,British Columbia (Haida Gwaii),52.60554761,-131.488335,3.158618849,None
1506,2394,Black Rat,Rattus rattus,Rodent,null,Good,2013,2013,Successful,Whole Island,Toxicant,NA,NA,Aerial Broadcast,NA,Brodifacoum,NA,Wein; Laurie,Parks Canada,null,183727,Little Faraday,Pacific Ocean - North East,Canada,British Columbia (Haida Gwaii),52.61362123,-131.464924,0.025489738,None
1507,2395,Black Rat,Rattus rattus,Rodent,null,Good,2013,2013,Successful,Whole Island,Toxicant,NA,NA,Aerial Broadcast,NA,Brodifacoum,NA,Wein; Laurie,Parks Canada,null,183724,East Murchison,Pacific Ocean - North East,Canada,British Columbia (Haida Gwaii),52.60013813,-131.4334429,0.177867277,None
1519,2416,Black Rat,Rattus rattus,Rodent,null,Good,1996,1996,Successful,Whole Island,Toxicant,Trapping,NA,Hand Broadcast,NA,Brodifacoum,NA,Lee; Mike,University of Auckland,null,26853,Motukaha,Pacific Ocean - South West,New Zealand,Hauraki Gulf,-36.79511101,174.9857277,0.008389241,None
1586,2504,Black Rat,Rattus rattus,Rodent,null,Poor,2009,2009,Successful,Whole Island,Toxicant,NA,NA,Aerial Broadcast,NA,Brodifacoum,NA,null,null,null,26997,Papakuri,Pacific Ocean - South West,New Zealand,Broken Islands,-36.22038722,175.288597,0.004352062,None
1596,2824,Black Rat,Rattus rattus,Rodent,null,Satisfactory,2008,2008,Successful,Incursion Response,Toxicant,NA,NA,Unknown,Unknown,Unknown,Unknown,null,null,null,35084,Long Rock,Atlantic Ocean - North,Bermuda,Bermuda (Ruth's Bay),32.35723525,-64.65470183,0.006243349,None
1597,2825,Black Rat,Rattus rattus,Rodent,null,Good,2016,2016,Successful,Whole Island,Toxicant,NA,NA,Aerial Broadcast,Bait Station,Brodifacoum,NA,Will;David,Island Conservation,null,425054,Desecheo,Caribbean,Puerto Rico,Greater Antilles (Puerto Rican Islands),18.38416819,-67.48055711,1.479418394,None
1599,2827,Black Rat,Rattus rattus,Rodent,null,Good,2012,2016,Successful,Whole Island,Toxicant,Trapping,NA,Bait Station,NA,Unknown,NA,null,null,null,463848,Pomona,Pacific Ocean - South West,New Zealand,Lake Manapouri,-45.50674923,167.4736057,2.485392892,None
1643,2548,Black Rat,Rattus rattus,Rodent,null,Satisfactory,null,1966,Successful,Whole Island,Toxicant,NA,NA,Unknown,NA,Unknown,NA,null,null,null,22216,Citadel,Pacific Ocean - South West,Australia,Bass Strait Islands (Wilsons Promontory),-39.11466803,146.236834,0.189272418,None
1684,2602,Black Rat,Rattus rattus,Rodent,null,Good,1996,1996,Successful,Whole Island,Toxicant,NA,NA,Bait Station,NA,Brodifacoum,NA,null,null,null,332348,Renewal,Indian Ocean - East,Australia,Western Australia (Montebello Islands),-20.46828793,115.5472672,0.483090588,None
1686,2605,Black Rat,Rattus rattus,Rodent,null,Good,1997,1997,Successful,Whole Island,Toxicant,NA,NA,Bait Station,NA,Brodifacoum,NA,null,null,null,331192,Primrose,Indian Ocean - East,Australia,Western Australia (Montebello Islands),-20.37210406,115.5170679,0.354323958,None
1699,2621,Black Rat,Rattus rattus,Rodent,null,Satisfactory,2009,2009,Successful,Incursion Response,Trapping,NA,NA,NA,NA,NA,NA,null,null,null,26833,Lady Alice (Mauimua),Pacific Ocean - South West,New Zealand,Hen and Chicken Islands,-35.8898964,174.7280744,1.422812343,None
1700,2622,Black Rat,Rattus rattus,Rodent,null,Good,2009,2009,Successful,Incursion Response,Trapping,NA,NA,NA,NA,NA,NA,Hawkins; K.,NZ Dept. of Conservation,null,26862,Whatupuke (Mauiroto),Pacific Ocean - South West,New Zealand,Hen and Chicken Islands,-35.88954011,174.7540295,0.903676672,None
1747,2674,Black Rat,Rattus rattus,Rodent,null,Good,2013,2013,Successful,Whole Island,Toxicant,Toxicant,NA,Aerial Broadcast,Hand Broadcast,Brodifacoum,Unknown,Latofski Mariam,Grupo de Ecología y Conservación de Islas A.C.,http://www.islas.org.mx,394955,Cayo Centro,Caribbean,Mexico,Banco Chinchorro,18.58666374,-87.31998635,5.406436083,11 - 100
1754,2684,Black Rat,Rattus rattus,Rodent,null,Satisfactory,2011,2011,Successful,Whole Island,Toxicant,NA,NA,Hand Broadcast,Bait Station,Brodifacoum,NA,null,null,null,350252,Ngeriungs,Pacific Ocean - North West,Palau,Kayangel Atoll,8.058650668,134.7111281,0.358839974,None
1756,2691,Black Rat,Rattus rattus,Rodent,null,Satisfactory,2011,2011,Successful,Whole Island,Toxicant,NA,NA,Hand Broadcast,Bait Station,Brodifacoum,NA,null,null,null,350253,Orak,Pacific Ocean - North West,Palau,Kayangel Atoll,8.03991554,134.6939706,0.010978194,None
1789,2730,Black Rat,Rattus rattus,Rodent,null,Satisfactory,2008,2008,Successful,Incursion Response,Toxicant,NA,NA,Bait Station,NA,Unknown,NA,null,null,null,35020,Nonsuch ,Atlantic Ocean - North,Bermuda,Bermuda (Castle Islands),32.34736416,-64.66284194,0.070258988,10-Jan
1793,2739,Black Rat,Rattus rattus,Rodent,null,Satisfactory,2007,2009,Successful,Whole Island,Toxicant,NA,NA,Hand Broadcast,NA,Bromadiolone,NA,null,null,null,236005,Malgrat gran,Mediterranean,Spain,Balearic Islands (Mallorca Group),39.49819358,2.45062981,0.081653296,None
1794,2740,Black Rat,Rattus rattus,Rodent,null,Satisfactory,2007,2009,Successful,Whole Island,Toxicant,NA,NA,Hand Broadcast,NA,Bromadiolone,NA,null,null,null,236227,Malgrat petit,Mediterranean,Spain,Balearic Islands (Mallorca Group),39.50237199,2.45579876,0.010770954,None
1797,2744,Black Rat,Rattus rattus,Rodent,null,Satisfactory,2008,2008,Successful,Whole Island,Toxicant,NA,NA,Bait Station,NA,Unknown,Unknown,null,null,null,236245,Bosc,Mediterranean,Spain,Balearic Islands (Ibiza Group),38.96898284,1.21695843,0.174594375,None
1804,2746,Black Rat,Rattus rattus,Rodent,null,Satisfactory,2006,2007,Successful,Whole Island,Toxicant,NA,NA,Hand Broadcast,NA,Bromadiolone,NA,McMinn M.,null,null,235941,Conills (Conillera),Mediterranean,Spain,Balearic Islands (Cabrera Group),39.18349561,2.96416321,1.412355699,None
1805,2747,Black Rat,Rattus rattus,Rodent,null,Satisfactory,2006,2008,Successful,Whole Island,Toxicant,NA,NA,Hand Broadcast,NA,Bromadiolone,NA,McMinn M.,null,null,236369,Estell Xapat,Mediterranean,Spain,Balearic Islands (Cabrera Group),39.12526414,2.93953539,0.01222046,None
1814,2757,Black Rat,Rattus rattus,Rodent,null,Satisfactory,null,1999,Successful,Whole Island,Toxicant,NA,NA,Unknown,Unknown,Unknown,Unknown,null,null,null,235945,Conillis (Conillera),Mediterranean,Spain,Balearic Islands (Ibiza Group),38.9852825,1.21197903,1.067899856,None
1816,2760,Black Rat,Rattus rattus,Rodent,null,Good,2008,2010,Successful,Whole Island,Toxicant,Trapping,NA,Hand Broadcast,NA,Brodifacoum,NA,Rocamora; Gérard,Island Conservation Society,http://www.islandconservationseychelles.com/,19414,Kola Issa,Indian Ocean - West,Mayotte,Mayotte Islands (Ilots d'Hajangoua),-12.83799282,45.23493657,0.060630368,None
1817,2761,Black Rat,Rattus rattus,Rodent,null,Good,2009,2010,Successful,Whole Island,Trapping,NA,NA,NA,NA,NA,NA,Rocamora; Gérard,Island Conservation Society,http://www.islandconservationseychelles.com/,88888023,Pouhou,Indian Ocean - West,Mayotte,Mayotte Islands,-12.82765992,45.25331897,0.008669675,None
1818,2762,Black Rat,Rattus rattus,Rodent,null,Good,2009,2010,Successful,Whole Island,Toxicant,Trapping,NA,Hand Broadcast,NA,Brodifacoum,NA,Rocamora; Gérard,Island Conservation Society,http://www.islandconservationseychelles.com/,19411,Pengoua,Indian Ocean - West,Mayotte,Mayotte Islands (Ilots d'Hajangoua),-12.83902612,45.24637689,0.069503928,None
1819,2764,Black Rat,Rattus rattus,Rodent,null,Good,1997,1997,Successful,Whole Island,Toxicant,NA,NA,Bait Station,NA,Brodifacoum,NA,null,null,null,331987,Crocus,Indian Ocean - East,Australia,Western Australia (Montebello Islands),-20.42250036,115.5257361,0.336516995,None
1826,2771,Black Rat,Rattus rattus,Rodent,null,Good,null,1996,Successful,Whole Island,Toxicant,NA,NA,Bait Station,NA,Brodifacoum,NA,Burbidge; A.A.,Department of Conservation and Land Management; Aus,null,88888050,Aster,Indian Ocean - East,Australia,Western Australia (Montebello Islands),-20.43038019,115.5789847,0.006479329,None
1827,2772,Black Rat,Rattus rattus,Rodent,null,Good,null,1996,Successful,Whole Island,Toxicant,NA,NA,Bait Station,NA,Brodifacoum,NA,Burbidge; A.A.,Department of Conservation and Land Management; Aus,null,332347,Buttercup,Indian Ocean - East,Australia,Western Australia (Montebello Islands),-20.48488907,115.5359086,0.056358423,None
1828,2773,Black Rat,Rattus rattus,Rodent,null,Good,null,1996,Successful,Whole Island,Toxicant,NA,NA,Bait Station,NA,Brodifacoum,NA,Burbidge; A.A.,Department of Conservation and Land Management; Aus,null,88888044,Dahlia,Indian Ocean - East,Australia,Western Australia (Montebello Islands),-20.4289418,115.5784767,0.020491372,None
1829,2774,Black Rat,Rattus rattus,Rodent,null,Good,null,1996,Successful,Whole Island,Toxicant,NA,NA,Bait Station,NA,Brodifacoum,NA,Burbidge; A.A.,Department of Conservation and Land Management; Aus,null,88888061,Daisy,Indian Ocean - East,Australia,Western Australia (Montebello Islands),-20.43941784,115.5803775,0.016882584,None
1830,2775,Black Rat,Rattus rattus,Rodent,null,Good,null,1996,Successful,Whole Island,Toxicant,NA,NA,Bait Station,NA,Brodifacoum,NA,null,null,null,88888043,Dandelion,Indian Ocean - East,Australia,Western Australia (Montebello Islands),-20.43242769,115.5795874,0.012019826,None
1831,2776,Black Rat,Rattus rattus,Rodent,null,Good,null,1996,Successful,Whole Island,Toxicant,NA,NA,Bait Station,NA,Brodifacoum,NA,Burbidge; A.A.,Department of Conservation and Land Management; Aus,null,88888062,Epsilon,Indian Ocean - East,Australia,Western Australia (Montebello Islands),-20.4446749,115.5808466,0.039520021,None
1832,2777,Black Rat,Rattus rattus,Rodent,null,Good,null,1996,Successful,Whole Island,Toxicant,NA,NA,Bait Station,NA,Brodifacoum,NA,Burbidge; A.A.,Department of Conservation and Land Management; Aus,null,453837,Flag,Indian Ocean - East,Australia,Western Australia (Montebello Islands),-20.45863891,115.5806206,0.057434994,None
1833,2778,Black Rat,Rattus rattus,Rodent,null,Good,null,1996,Successful,Whole Island,Toxicant,NA,NA,Bait Station,NA,Brodifacoum,NA,null,null,null,88888052,Foxglove,Indian Ocean - East,Australia,Western Australia (Montebello Islands),-20.48196581,115.5421943,0.018872517,None
1834,2779,Black Rat,Rattus rattus,Rodent,null,Good,null,1996,Successful,Whole Island,Toxicant,NA,NA,Bait Station,NA,Brodifacoum,NA,Burbidge; A.A.,Department of Conservation and Land Management; Aus,null,88888063,Gannet,Indian Ocean - East,Australia,Western Australia (Montebello Islands),-20.44686247,115.56861,0.005925957,None
1835,2780,Black Rat,Rattus rattus,Rodent,null,Good,null,1996,Successful,Whole Island,Toxicant,NA,NA,Bait Station,NA,Brodifacoum,NA,null,null,null,332199,Gossypium,Indian Ocean - East,Australia,Western Australia (Montebello Islands),-20.51455103,115.5449644,0.069643932,None
1836,2781,Black Rat,Rattus rattus,Rodent,null,Good,null,1996,Successful,Whole Island,Toxicant,NA,NA,Bait Station,NA,Brodifacoum,NA,null,null,null,88888103,Hollyhock,Indian Ocean - East,Australia,Western Australia (Montebello Islands),-20.37759657,115.5472561,0.007531762,None
1837,2782,Black Rat,Rattus rattus,Rodent,null,Good,null,1996,Successful,Whole Island,Toxicant,NA,NA,Bait Station,NA,Brodifacoum,NA,null,null,null,88888055,How,Indian Ocean - East,Australia,Western Australia (Montebello Islands),-20.41943892,115.5536775,0.00115138,None
1838,2783,Black Rat,Rattus rattus,Rodent,null,Good,null,1996,Successful,Whole Island,Toxicant,NA,NA,Bait Station,NA,Brodifacoum,NA,null,null,null,453855,Ivy,Indian Ocean - East,Australia,Western Australia (Montebello Islands),-20.4951356,115.5450039,0.048562894,None
1839,2784,Black Rat,Rattus rattus,Rodent,null,Good,null,1996,Successful,Whole Island,Toxicant,NA,NA,Bait Station,NA,Brodifacoum,NA,null,null,null,88888054,Jonquil,Indian Ocean - East,Australia,Western Australia (Montebello Islands),-20.39734573,115.5325269,0.005041271,None
1840,2785,Black Rat,Rattus rattus,Rodent,null,Good,null,1996,Successful,Whole Island,Toxicant,NA,NA,Bait Station,NA,Brodifacoum,NA,Burbidge; A.A.,Department of Conservation and Land Management; Aus,null,88888049,Karangi,Indian Ocean - East,Australia,Western Australia (Montebello Islands),-20.43378533,115.6031199,0.026047611,None
1841,2786,Black Rat,Rattus rattus,Rodent,null,Good,null,1996,Successful,Whole Island,Toxicant,NA,NA,Bait Station,NA,Brodifacoum,NA,Burbidge; A.A.,Department of Conservation and Land Management; Aus,null,88888087,Kingcup,Indian Ocean - East,Australia,Western Australia (Montebello Islands),-20.39078573,115.5317673,0.056153124,None
1842,2787,Black Rat,Rattus rattus,Rodent,null,Good,null,1996,Successful,Whole Island,Toxicant,NA,NA,Bait Station,NA,Brodifacoum,NA,Burbidge; A.A.,Department of Conservation and Land Management; Aus,null,110000225,Lily,Indian Ocean - East,Australia,Western Australia (Montebello Islands),-20.41959724,115.5863956,0.002018653,None
1843,2788,Black Rat,Rattus rattus,Rodent,null,Good,null,1996,Successful,Whole Island,Toxicant,NA,NA,Bait Station,NA,Brodifacoum,NA,Burbidge; A.A.,Department of Conservation and Land Management; Aus,null,331872,Marigold,Indian Ocean - East,Australia,Western Australia (Montebello Islands),-20.45743611,115.5558731,0.033484064,None
1844,2789,Black Rat,Rattus rattus,Rodent,null,Good,null,1996,Successful,Whole Island,Toxicant,NA,NA,Bait Station,NA,Brodifacoum,NA,Burbidge; A.A.,Department of Conservation and Land Management; Aus,null,464148,Pansy,Indian Ocean - East,Australia,Western Australia (Montebello Islands),-20.37280613,115.5449811,0.040328633,None
1845,2790,Black Rat,Rattus rattus,Rodent,null,Good,null,1996,Successful,Whole Island,Toxicant,NA,NA,Bait Station,NA,Brodifacoum,NA,Burbidge; A.A.,Department of Conservation and Land Management; Aus,null,88888045,Violet,Indian Ocean - East,Australia,Western Australia (Montebello Islands),-20.3895794,115.5789179,0.003539854,None
1851,2796,Black Rat,Rattus rattus,Rodent,null,Good,2015,2015,Successful,Whole Island,Toxicant,NA,NA,Aerial Broadcast,NA,Brodifacoum,NA,Griffiths; Richard,Island Conservation,null,459245,Tenarunga (Tenania),Pacific Ocean - South East,French Polynesia,Tuamotu Archipelago,-21.34388419,-136.5416276,4.112667178,None
1875,2900,Black Rat,Rattus rattus,Rodent,1786,Good,2014,2014,Successful,Whole Island,Toxicant,NA,NA,Hand Broadcast,Bait Station,Brodifacoum,NA,Pitman Helen,Director Chagos Conservation Trust,null,22735,Vache Marine,Indian Ocean - West,British Indian Ocean Territory,Chagos Archipelago,-6.234797712,71.29491808,0.198277699,None
1882,2855,Black Rat,Rattus rattus,Rodent,1800,Good,2015,2016,Successful,Whole Island,Toxicant,Trapping,NA,Bait Station,NA,Bromadiolone,Coumatetralyl,Bambini L.,he Royal Society for the Protection of Birds,https://www.rspb.org.uk/#1bUlWq5dk6hZA5CZ.99,252228,Garbh Eilean,Atlantic Ocean - North,United Kingdom,Scotland Islands (Shiant Isles),57.90040348,-6.366044729,0.87183776,None
1886,2861,Black Rat,Rattus rattus,Rodent,null,Satisfactory,null,2011,Successful,Whole Island,Toxicant,NA,NA,Aerial Broadcast,Unknown,Diphacinone,NA,Broome; Keith,NZ Dept. of Conservation,null,100935,Magojima,Pacific Ocean - North West,Japan,Ogasawara Islands (Chichijima Group),27.1948531,142.1957883,0.122986288,None
1887,2862,Black Rat,Rattus rattus,Rodent,null,Satisfactory,null,2011,Successful,Whole Island,Toxicant,Unknown,Unknown,Aerial Broadcast,Unknown,Diphacinone,NA,Broome; Keith,NZ Dept. of Conservation,null,116624,Torishima,Pacific Ocean - North West,Japan,Ogasawara Islands (Mukojima Group),27.62451662,142.1715733,0.033854488,None
1888,2863,Black Rat,Rattus rattus,Rodent,null,Satisfactory,2011,2011,Successful,Whole Island,Toxicant,Unknown,Unknown,Aerial Broadcast,Unknown,Diphacinone,NA,Broome; Keith,NZ Dept. of Conservation,null,11288,Tatsumi-jima,Pacific Ocean - North West,Japan,Ogasawara Islands (Chichijima Group),27.04646821,142.2402234,0.048109191,None
1893,2869,Black Rat,Rattus rattus,Rodent,null,Satisfactory,2012,2012,Successful,Incursion Response,Toxicant,Unknown,Unknown,Unknown,Unknown,Unknown,Unknown,null,null,null,240091,Cavalli,Mediterranean,Italy,Sardinian Islands,40.88545601,9.64029431,0.025908736,None
1895,2871,Black Rat,Rattus rattus,Rodent,null,Good,2017,2017,Successful,Whole Island,Toxicant,Trapping,NA,Aerial Broadcast,Hand Broadcast,Brodifacoum,NA,null,null,null,239683,Tavolara,Mediterranean,Italy,Sardinian Islands,40.90549087,9.7125437,5.924218601,11 - 100
1899,2876,Black Rat,Rattus rattus,Rodent,null,Poor,1979,1979,Successful,Whole Island,Unknown,Unknown,Unknown,Unknown,Unknown,Unknown,Unknown,null,null,null,241964,Dames,Atlantic Ocean - North,France,Bay of Morlaix,48.68612618,-3.88400035,0.018083142,None
1900,2877,Black Rat,Rattus rattus,Rodent,null,Poor,2000,2000,Successful,Whole Island,Unknown,Unknown,Unknown,Unknown,Unknown,Unknown,Unknown,null,null,null,241659,Notre Dame,Atlantic Ocean - North,France,Saint Jouan des Guérets,48.62804236,-2.02681236,0.004827884,None
1910,2907,Black Rat,Rattus rattus,Rodent,null,Satisfactory,2014,2015,Successful,Whole Island,Toxicant,NA,NA,Aerial Broadcast,NA,Brodifacoum,NA,Corson Peter,null,null,26740,Great Mercury,Pacific Ocean - South West,New Zealand,Mercury Islands,-36.61610385,175.7957877,19.97864275,Unknown
1922,2923,Black Rat,Rattus rattus,Rodent,null,Satisfactory,null,1999,Successful,Whole Island,Toxicant,NA,NA,Bait Station,NA,Bromadiolone,Brodifacoum,null,null,null,249321,Palmaiola,Mediterranean,Italy,Tuscan Islands,42.86566825,10.47454057,0.081813582,None
1926,2927,Black Rat,Rattus rattus,Rodent,null,Good,2014,2014,Successful,Whole Island,Toxicant,NA,NA,Hand Broadcast,Bait Station,Brodifacoum,NA,Carr Pete,Chagos Conservation Trust,http://chagos-trust.org/,22751,Ile du Sel,Indian Ocean - West,British Indian Ocean Territory,Chagos Archipelago (Salomon Islands),-5.354667024,72.22720644,0.01729034,None
1927,3054,Black Rat,Rattus rattus,Rodent,1800,Good,2015,2016,Successful,Whole Island,Toxicant,NA,NA,Bait Station,NA,Bromadiolone,Coumatetralyl,Bambini L.,he Royal Society for the Protection of Birds,https://www.rspb.org.uk/#1bUlWq5dk6hZA5CZ.99,252452,Eilean Mhuire,Atlantic Ocean - North,United Kingdom,Scotland Islands (Shiant Isles),57.90224788,-6.334769474,0.321316694,None
1934,2928,Black Rat,Rattus rattus,Rodent,null,Good,2014,2014,Successful,Whole Island,Toxicant,NA,NA,Hand Broadcast,Bait Station,Brodifacoum,NA,Carr Pete,Chagos Conservation Trust,http://chagos-trust.org/,22725,Jacobin,Indian Ocean - West,British Indian Ocean Territory,Chagos Archipelago (Salomon Islands),-5.349780059,72.24593583,0.022298239,None
1954,2960,Black Rat,Rattus rattus,Rodent,1987,Satisfactory,null,2000,Successful,Whole Island,Toxicant,Unknown,Unknown,Bait Station,Unknown,Unknown,Unknown,Quinn Julie,AU Department of the Environment,http://environment.gov.au/,464068,East Fairfax,Pacific Ocean - South West,Australia,Capricorn Bunker,-23.85559871,152.3768621,0.237489274,None
1955,2961,Black Rat,Rattus rattus,Rodent,1987,Satisfactory,null,2000,Successful,Whole Island,Toxicant,NA,NA,Bait Station,Unknown,Unknown,Unknown,Quinn Julie,AU Department of the Environment,http://environment.gov.au/,453697,West Fairfax,Pacific Ocean - South West,Australia,Capricorn,-23.86026386,152.3679948,0.091715401,None
1958,3024,Black Rat,Rattus rattus,Rodent,null,Good,2016,2016,Successful,Whole Island,Toxicant,Unknown,Unknown,Bait Station,Unknown,Brodifacoum,NA,null,null,null,240442,Berlenga Grande,Atlantic Ocean - North,Portugal,Berlengas Islands,39.41517529,-9.50999848,0.832565317,11 - 100
1962,2966,Black Rat,Rattus rattus,Rodent,null,Poor,1987,1987,Successful,Whole Island,Unknown,Unknown,Unknown,Unknown,Unknown,Unknown,Unknown,null,null,null,450595,Wreck,Pacific Ocean - South West,Australia,Capricorn,-23.33283906,151.9578436,0.116845726,None
2021,3076,Black Rat,Rattus rattus,Rodent,null,Satisfactory,2014,2014,Successful,Incursion Response,Toxicant,NA,NA,Bait Station,Hand Broadcast,Brodifacoum,NA,Daltry; Jenny,Flora and Fauna International,null,386026,York,Caribbean,Antigua and Barbuda,Lesser Antilles (Antigua and Barbuda Islands),17.05324639,-61.66916667,0.07164771,None
2023,3078,Black Rat,Rattus rattus,Rodent,null,Good,2013,2013,Successful,Whole Island,Toxicant,NA,NA,Bait Station,Hand Broadcast,Brodifacoum,NA,Daltry; Jenny,Flora and Fauna International,null,386737,Culpepper,Caribbean,Barbados,Lesser Antilles (Barbados),13.16582995,-59.44335641,0.003271108,None
2036,3092,Black Rat,Rattus rattus,Rodent,null,Good,2014,2014,Successful,Whole Island,Toxicant,NA,NA,Bait Station,Hand Broadcast,Brodifacoum,NA,Daltry; Jenny,Flora and Fauna International,null,386031,Guardhouse,Caribbean,Antigua and Barbuda,Lesser Antilles (Antigua and Barbuda Islands),17.10166736,-61.70786049,0.007544853,None
2059,3060,Black Rat,Rattus rattus,Rodent,1800,Good,2015,2016,Successful,Whole Island,Toxicant,NA,NA,Bait Station,NA,Bromadiolone,Coumatetralyl,Bambini L.,he Royal Society for the Protection of Birds,https://www.rspb.org.uk/#1bUlWq5dk6hZA5CZ.99,252216,Eilean an Tighe,Atlantic Ocean - North,United Kingdom,Scotland Islands (Shiant Isles),57.88861537,-6.353067755,0.539135247,None
2062,3063,Black Rat,Rattus rattus,Rodent,null,Good,2011,2012,Successful,Whole Island,Toxicant,NA,NA,Bait Station,NA,Brodifacoum,NA,Daltry; Jenny,Flora and Fauna International,null,410594,East Cay,Caribbean,Anguilla,Lesser Antilles (Anguilla Islands),18.28495695,-63.23648902,0.016556609,None
2063,3064,Black Rat,Rattus rattus,Rodent,null,Good,2011,2012,Successful,Whole Island,Toxicant,NA,NA,Bait Station,NA,Brodifacoum,NA,Daltry; Jenny,Flora and Fauna International,null,410595,Mid Cay,Caribbean,Anguilla,Lesser Antilles (Anguilla Islands),18.2869414,-63.26108932,0.020104066,None
2083,3163,Black Rat,Rattus rattus,Rodent,null,Good,2010,2010,Successful,Whole Island,Toxicant,NA,NA,Bait Station,NA,Brodifacoum,NA,Ventosa; Eddie,Puerto Rico Department of Natural and Environmental Resources,null,425278,Ratones,Caribbean,Puerto Rico,Greater Antilles (Puerto Rican Islands; Ponce Islands),17.95274119,-66.68133496,0.053128672,None
2087,3167,Black Rat,Rattus rattus,Rodent,1825,Good,2011,2011,Successful,Whole Island,Toxicant,NA,NA,Bait Station,Hand Broadcast,Brodifacoum,NA,null,null,null,334236,Direction,Indian Ocean - East,Cocos (Keeling) Islands,Cocos (Keeling) Islands,-12.08964244,96.88335174,0.297769967,None
2089,3116,Black Rat,Rattus rattus,Rodent,null,Good,2013,2015,Successful,Whole Island,Trapping,NA,NA,NA,NA,NA,NA,null,null,null,420300,Cayo Maria Langa,Caribbean,Puerto Rico,Greater Antilles (Puerto Rican Islands),17.96576225,-66.75140258,0.059836997,None
2107,3120,Black Rat,Rattus rattus,Rodent,null,Good,2004,2004,Successful,Whole Island,Toxicant,NA,NA,Bait Station,NA,Brodifacoum,NA,Carrion; Victor,Galapagos National Park Service,null,362273,Marielas Norte,Pacific Ocean - North East,Ecuador,Galapagos Islands,-0.595941497,-91.09092703,0.004864921,None
2108,3121,Black Rat,Rattus rattus,Rodent,null,Satisfactory,2013,2014,Successful,Whole Island,Toxicant,NA,NA,Hand Broadcast,NA,Brodifacoum,NA,Carrion; Victor,Galapagos National Park Service,null,362253,Marielas Sur,Pacific Ocean - North East,Ecuador,Galapagos Islands,-0.599271767,-91.09055959,0.012435199,None
2128,3178,Black Rat,Rattus rattus,Rodent,null,Satisfactory,1990,1999,Successful,Whole Island,Toxicant,NA,NA,Unknown,Unknown,Warfarin,NA,null,null,null,35096,Horn Rock,Atlantic Ocean - North,Bermuda,Bermuda (Castle Islands),32.34328463,-64.66621141,0.003362413,None
2130,3181,Black Rat,Rattus rattus,Rodent,null,Satisfactory,1990,1999,Successful,Whole Island,Toxicant,NA,NA,Unknown,Unknown,Warfarin,NA,null,null,null,35101,Inner Pear Rock,Atlantic Ocean - North,Bermuda,Bermuda (Long Bay),32.350659,-64.65250525,0.005654728,None
2131,3182,Black Rat,Rattus rattus,Rodent,null,Satisfactory,1990,1999,Successful,Whole Island,Toxicant,NA,NA,Unknown,Unknown,Warfarin,NA,null,null,null,35100,Outer Pear Rock,Atlantic Ocean - North,Bermuda,Bermuda (Long Bay),32.34867089,-64.65070699,0.002951129,None
2136,3187,Black Rat,Rattus rattus,Rodent,null,Satisfactory,1990,1999,Successful,Whole Island,Toxicant,Trapping,Unknown,Unknown,Unknown,Warfarin,NA,null,null,null,35099,Green Rock,Atlantic Ocean - North,Bermuda,Bermuda (Castle Islands),32.34452035,-64.66098877,0.002313885,None
2142,3198,Black Rat,Rattus rattus,Rodent,null,Satisfactory,2009,2010,Successful,Whole Island,Toxicant,NA,NA,Unknown,Unknown,Unknown,Unknown,McMinn M.,null,null,236371,Rates,Mediterranean,Spain,Balearic Islands (Cabrera Group),39.13268704,2.92313107,0.003590359,None
2158,3221,Black Rat,Rattus rattus,Rodent,null,Satisfactory,null,2008,Successful,Whole Island,Toxicant,NA,NA,Bait Station,NA,Brodifacoum,NA,null,null,null,240087,Proratora,Mediterranean,Italy,Sardinian Islands,40.8464801,9.723123782,0.043664838,None
2160,3227,Black Rat,Rattus rattus,Rodent,null,Satisfactory,null,1998,Successful,Whole Island,Toxicant,NA,NA,Bait Station,NA,Unknown,Unknown,null,null,null,252371,Eynhallow,Atlantic Ocean - North,United Kingdom,Scotland Islands (Orkney Islands),59.14407477,-3.12029052,0.726837217,None
